countyFIPS,County,State,Cases,population,Mortality
1001,Autauga,AL,2048,55869,31
1003,Baldwin,AL,6637,223234,69
1005,Barbour,AL,1031,24686,9
1007,Bibb,AL,828,22394,14
1009,Blount,AL,1925,57826,25
1011,Bullock,AL,648,10101,17
1013,Butler,AL,1007,19448,40
1015,Calhoun,AL,4567,113605,61
1017,Chambers,AL,1350,33254,44
1019,Cherokee,AL,733,26196,14
1021,Chilton,AL,1869,44428,32
1023,Choctaw,AL,390,12589,12
1025,Clarke,AL,1343,23622,17
1027,Clay,AL,741,13235,12
1029,Cleburne,AL,556,14910,8
1031,Coffee,AL,1763,52342,11
1033,Colbert,AL,2005,55241,32
1035,Conecuh,AL,561,12067,13
1037,Coosa,AL,203,10663,3
1039,Covington,AL,1740,37049,29
1041,Crenshaw,AL,606,13772,30
1043,Cullman,AL,2440,83768,24
1045,Dale,AL,1751,49172,51
1047,Dallas,AL,1865,37196,27
1049,DeKalb,AL,3388,71513,29
1051,Elmore,AL,3200,81209,53
1053,Escambia,AL,1725,36633,30
1055,Etowah,AL,4265,102268,51
1057,Fayette,AL,574,16302,13
1059,Franklin,AL,2052,31362,31
1061,Geneva,AL,900,26271,7
1063,Greene,AL,342,8111,16
1065,Hale,AL,767,14651,30
1067,Henry,AL,708,17205,6
1069,Houston,AL,4148,105882,34
1071,Jackson,AL,2149,51626,15
1073,Jefferson,AL,23129,658573,377
1075,Lamar,AL,490,13805,5
1077,Lauderdale,AL,2262,92729,42
1079,Lawrence,AL,850,32924,32
1081,Lee,AL,6534,164542,65
1083,Limestone,AL,2842,98915,30
1085,Lowndes,AL,709,9726,28
1087,Macon,AL,534,18068,20
1089,Madison,AL,9280,372909,96
1091,Marengo,AL,1008,18863,22
1093,Marion,AL,1076,29709,29
1095,Marshall,AL,4381,96774,50
1097,Mobile,AL,16849,413210,315
1099,Monroe,AL,646,20733,10
1101,Montgomery,AL,10197,226486,197
1103,Morgan,AL,4120,119679,35
1105,Perry,AL,589,8923,6
1107,Pickens,AL,847,19930,18
1109,Pike,AL,1335,33114,13
1111,Randolph,AL,823,22722,16
1113,Russell,AL,1944,57961,3
1115,St. Clair,AL,2925,89512,42
1117,Shelby,AL,7338,217702,63
1119,Sumter,AL,472,12427,21
1121,Talladega,AL,2653,79978,35
1123,Tallapoosa,AL,1317,40367,87
1125,Tuscaloosa,AL,10296,209355,140
1127,Walker,AL,2772,63521,92
1129,Washington,AL,744,16326,12
1131,Wilcox,AL,567,10373,12
1133,Winston,AL,922,23629,13
2013,Aleutians East Borough,AK,6,3337,0
2016,Aleutians West Census Area,AK,5,5634,0
2020,Municipality of Anchorage,AK,6851,288000,42
2050,Bethel Census Area,AK,362,18386,1
2060,Bristol Bay Borough,AK,0,836,0
2068,Denali Borough,AK,21,2097,0
2070,Dillingham Census Area,AK,24,4916,0
2090,Fairbanks North Star Borough,AK,1887,96849,13
2100,Haines Borough,AK,6,2530,0
2105,Hoonah-Angoon Census Area,AK,29,2148,0
2110,City and Borough of Juneau,AK,391,31974,3
2122,Kenai Peninsula Borough,AK,656,58708,3
2130,Ketchikan Gateway Borough,AK,59,13901,0
2150,Kodiak Island Borough,AK,50,12998,0
2158,Kusilvak Census Area,AK,164,8314,0
2164,Lake and Peninsula Borough,AK,37,1592,0
2170,Matanuska-Susitna Borough,AK,989,108317,2
2180,Nome Census Area,AK,122,10004,0
2185,North Slope Borough,AK,228,9832,0
2188,Northwest Arctic Borough,AK,214,7621,0
2195,Petersburg Census Area,AK,11,3266,1
2198,Prince of Wales-Hyder Census Area,AK,33,6203,0
2220,Sitka City and Borough,AK,56,8493,0
2230,Skagway Municipality,AK,6,1183,0
2240,Southeast Fairbanks Census Area,AK,51,6893,0
2261,Valdez-Cordova Census Area,AK,107,9202,1
2275,Wrangell City and Borough,AK,13,2502,0
2282,Yakutat City and Borough,AK,0,579,0
2290,Yukon-Koyukuk Census Area,AK,104,5230,2
4001,Apache,AZ,3854,71887,168
4003,Cochise,AZ,2105,125922,73
4005,Coconino,AZ,4991,143476,147
4007,Gila,AZ,1841,54018,69
4009,Graham,AZ,1110,38837,28
4011,Greenlee,AZ,100,9498,2
4012,La Paz,AZ,611,21108,17
4013,Maricopa,AZ,153177,4485414,3538
4015,Mohave,AZ,4266,212181,230
4017,Navajo,AZ,6264,110924,238
4019,Pima,AZ,27417,1047279,636
4021,Pinal,AZ,11689,462789,217
4023,Santa Cruz,AZ,2972,46498,65
4025,Yavapai,AZ,2874,235099,87
4027,Yuma,AZ,13500,213787,354
5001,Arkansas,AR,655,17486,15
5003,Ashley,AR,531,19657,11
5005,Baxter,AR,643,41932,9
5007,Benton,AR,8033,279141,116
5009,Boone,AR,1020,37432,30
5011,Bradley,AR,369,10763,8
5013,Calhoun,AR,48,5189,0
5015,Carroll,AR,984,28380,13
5017,Chicot,AR,1049,10118,22
5019,Clark,AR,491,22320,5
5021,Clay,AR,471,14551,12
5023,Cleburne,AR,454,24919,15
5025,Cleveland,AR,226,7956,13
5027,Columbia,AR,687,23457,19
5029,Conway,AR,341,20846,3
5031,Craighead,AR,4372,110332,39
5033,Crawford,AR,1996,63257,24
5035,Crittenden,AR,2336,47955,51
5037,Cross,AR,569,16419,22
5039,Dallas,AR,179,7009,5
5041,Desha,AR,398,11361,7
5043,Drew,AR,426,18219,7
5045,Faulkner,AR,3296,126007,31
5047,Franklin,AR,516,17715,2
5049,Fulton,AR,312,12477,9
5051,Garland,AR,2428,99386,62
5053,Grant,AR,356,18265,4
5055,Greene,AR,1423,45325,16
5057,Hempstead,AR,540,21532,5
5059,Hot Spring,AR,2188,33771,34
5061,Howard,AR,568,13202,14
5063,Independence,AR,1446,37825,45
5065,Izard,AR,553,13629,2
5067,Jackson,AR,692,16719,6
5069,Jefferson,AR,4121,66824,102
5071,Johnson,AR,1004,26578,7
5073,Lafayette,AR,167,6624,3
5075,Lawrence,AR,795,16406,17
5077,Lee,AR,1107,8857,18
5079,Lincoln,AR,2304,13024,17
5081,Little River,AR,446,12259,38
5083,Logan,AR,584,21466,3
5085,Lonoke,AR,1686,73309,25
5087,Madison,AR,425,16576,6
5089,Marion,AR,147,16694,2
5091,Miller,AR,1372,43257,15
5093,Mississippi,AR,2204,40651,68
5095,Monroe,AR,210,6701,1
5097,Montgomery,AR,182,8986,8
5099,Nevada,AR,292,8252,14
5101,Newton,AR,299,7753,20
5103,Ouachita,AR,370,23382,9
5105,Perry,AR,136,10455,0
5107,Phillips,AR,726,17782,16
5109,Pike,AR,262,10718,1
5111,Poinsett,AR,1017,23528,18
5113,Polk,AR,350,19964,5
5115,Pope,AR,2694,64072,37
5117,Prairie,AR,204,8062,4
5119,Pulaski,AR,11721,391911,204
5121,Randolph,AR,637,17958,24
5123,St. Francis,AR,1692,24994,10
5125,Saline,AR,2770,122437,29
5127,Scott,AR,208,10281,1
5129,Searcy,AR,197,7881,1
5131,Sebastian,AR,4753,127827,89
5133,Sevier,AR,1327,17007,16
5135,Sharp,AR,340,17442,10
5137,Stone,AR,396,12506,21
5139,Union,AR,1116,38682,49
5141,Van Buren,AR,205,16545,3
5143,Washington,AR,11298,239187,147
5145,White,AR,1438,78753,32
5147,Woodruff,AR,112,6320,0
5149,Yell,AR,1337,21341,31
6001,Alameda,CA,23215,1671329,460
6003,Alpine,CA,3,1129,0
6005,Amador,CA,291,39752,16
6007,Butte,CA,3047,219186,52
6009,Calaveras,CA,342,45905,18
6011,Colusa,CA,550,21547,6
6013,Contra Costa,CA,18621,1153526,241
6015,Del Norte,CA,178,27812,1
6017,El Dorado,CA,1315,192843,4
6019,Fresno,CA,30590,999101,436
6021,Glenn,CA,657,28393,3
6023,Humboldt,CA,562,135558,9
6025,Imperial,CA,12700,181215,336
6027,Inyo,CA,227,18039,15
6029,Kern,CA,33813,900202,416
6031,Kings,CA,8203,152940,83
6033,Lake,CA,689,64386,15
6035,Lassen,CA,766,30573,1
6037,Los Angeles,CA,298937,10039107,6989
6039,Madera,CA,4981,157327,74
6041,Marin,CA,7056,258826,128
6043,Mariposa,CA,78,17203,2
6045,Mendocino,CA,1127,86749,21
6047,Merced,CA,9465,277680,155
6049,Modoc,CA,29,8841,0
6051,Mono,CA,180,14444,2
6053,Monterey,CA,11372,434061,91
6055,Napa,CA,1937,137744,15
6057,Nevada,CA,608,99755,8
6059,Orange,CA,58326,3175692,1444
6061,Placer,CA,4088,398329,57
6063,Plumas,CA,54,18807,0
6065,Riverside,CA,65757,2470546,1279
6067,Sacramento,CA,25264,1552058,484
6069,San Benito,CA,1436,62808,15
6071,San Bernardino,CA,62353,2180085,1072
6073,San Diego,CA,54314,3338330,868
6075,San Francisco,CA,12069,881549,140
6077,San Joaquin,CA,21630,762148,489
6079,San Luis Obispo,CA,4141,283111,32
6081,San Mateo,CA,11075,766573,159
6083,Santa Barbara,CA,9760,446499,120
6085,Santa Clara,CA,24014,1927852,388
6087,Santa Cruz,CA,2788,273213,25
6089,Shasta,CA,1839,180080,30
6091,Sierra,CA,6,3005,0
6093,Siskiyou,CA,193,43539,0
6095,Solano,CA,7286,447643,74
6097,Sonoma,CA,9163,494336,134
6099,Stanislaus,CA,17572,550660,396
6101,Sutter,CA,1837,96971,12
6103,Tehama,CA,861,65084,8
6105,Trinity,CA,25,12285,0
6107,Tulare,CA,17495,466195,286
6109,Tuolumne,CA,268,54478,4
6111,Ventura,CA,14020,846006,164
6113,Yolo,CA,3166,220500,58
6115,Yuba,CA,1293,78668,10
8001,Adams,CO,13065,517421,254
8003,Alamosa,CO,298,16233,9
8005,Arapahoe,CO,11939,656590,378
8007,Archuleta,CO,65,14029,0
8009,Baca,CO,30,3581,0
8011,Bent,CO,14,5577,0
8013,Boulder,CO,5339,326196,85
8014,Broomfield and City,CO,887,70465,41
8015,Chaffee,CO,386,20356,20
8017,Cheyenne,CO,15,1831,0
8019,Clear Creek,CO,68,9700,1
8021,Conejos,CO,66,8205,0
8023,Costilla,CO,36,3887,1
8025,Crowley,CO,89,6061,1
8027,Custer,CO,20,5068,0
8029,Delta,CO,199,31162,3
8031,Denver,CO,17096,727211,446
8033,Dolores,CO,3,2055,0
8035,Douglas,CO,3609,351154,64
8037,Eagle,CO,1411,55127,10
8039,Elbert,CO,200,26729,3
8041,El Paso,CO,9592,720403,194
8043,Fremont,CO,628,47839,1
8045,Garfield,CO,1135,60061,5
8047,Gilpin,CO,29,6243,0
8049,Grand,CO,142,15734,1
8051,Gunnison,CO,305,17462,7
8053,Hinsdale,CO,3,820,0
8055,Huerfano,CO,33,6897,2
8057,Jackson,CO,9,1392,0
8059,Jefferson,CO,7903,582881,307
8061,Kiowa,CO,3,1406,0
8063,Kit Carson,CO,131,7097,3
8065,Lake,CO,127,8127,0
8067,La Plata,CO,347,56221,2
8069,Larimer,CO,3883,356899,56
8071,Las Animas,CO,69,14506,1
8073,Lincoln,CO,24,5701,0
8075,Logan,CO,1177,22409,12
8077,Mesa,CO,1281,154210,11
8079,Mineral,CO,21,769,0
8081,Moffat,CO,61,13283,1
8083,Montezuma,CO,192,26183,5
8085,Montrose,CO,455,42758,13
8087,Morgan,CO,846,29068,48
8089,Otero,CO,125,18278,6
8091,Ouray,CO,36,4952,2
8093,Park,CO,93,18845,1
8095,Phillips,CO,48,4265,0
8097,Pitkin,CO,276,17767,2
8099,Prowers,CO,166,12172,0
8101,Pueblo,CO,1790,168424,40
8103,Rio Blanco,CO,27,6324,0
8105,Rio Grande,CO,118,11267,3
8107,Routt,CO,202,25638,8
8109,Saguache,CO,133,6824,2
8111,San Juan,CO,11,728,0
8113,San Miguel,CO,101,8179,0
8115,Sedgwick,CO,40,2248,1
8117,Summit,CO,653,31011,4
8119,Teller,CO,214,25388,4
8121,Washington,CO,93,4908,0
8123,Weld,CO,5810,324492,159
8125,Yuma,CO,210,10019,1
9001,Fairfield,CT,22322,943332,1430
9003,Hartford,CT,17062,891720,1464
9005,Litchfield,CT,2116,180333,143
9007,Middlesex,CT,1873,162436,196
9009,New Haven,CT,16073,854757,1123
9011,New London,CT,3456,265206,136
9013,Tolland,CT,1689,150721,68
9015,Windham,CT,1324,116782,17
10001,Kent,DE,3408,180786,120
10003,New Castle,DE,12579,558753,339
10005,Sussex,DE,7766,234225,222
11001,Washington,DC,16706,705749,642
12001,Alachua,FL,9989,269043,74
12003,Baker,FL,1749,29210,19
12005,Bay,FL,6643,174705,132
12007,Bradford,FL,1219,28201,15
12009,Brevard,FL,10999,601942,366
12011,Broward,FL,83165,1952778,1520
12013,Calhoun,FL,701,14105,14
12015,Charlotte,FL,3487,188910,157
12017,Citrus,FL,3145,149657,130
12019,Clay,FL,5932,219252,117
12021,Collier,FL,14025,384902,253
12023,Columbia,FL,4200,71686,71
12027,DeSoto,FL,1651,38001,29
12029,Dixie,FL,881,16826,11
12031,Duval,FL,34177,957755,513
12033,Escambia,FL,13282,318316,269
12035,Flagler,FL,2070,115081,37
12037,Franklin,FL,747,12125,4
12039,Gadsden,FL,3049,45660,54
12041,Gilchrist,FL,601,18582,18
12043,Glades,FL,593,13811,6
12045,Gulf,FL,933,13639,15
12047,Hamilton,FL,901,14428,9
12049,Hardee,FL,1576,26937,16
12051,Hendry,FL,2188,42022,43
12053,Hernando,FL,3594,193920,165
12055,Highlands,FL,2528,106221,110
12057,Hillsborough,FL,46790,1471968,759
12059,Holmes,FL,881,19617,12
12061,Indian River,FL,3674,159923,126
12063,Jackson,FL,3097,46414,83
12065,Jefferson,FL,658,14246,9
12067,Lafayette,FL,1272,8422,16
12069,Lake,FL,8415,367118,225
12071,Lee,FL,22619,770577,506
12073,Leon,FL,11958,293582,112
12075,Levy,FL,1118,41503,12
12077,Liberty,FL,532,8354,10
12079,Madison,FL,1072,18493,24
12081,Manatee,FL,12930,403253,327
12083,Marion,FL,10678,365579,340
12085,Martin,FL,5276,161000,164
12086,Miami-Dade,FL,181633,2716940,3605
12087,Monroe,FL,2178,74228,25
12089,Nassau,FL,2419,88625,50
12091,Okaloosa,FL,6098,210738,130
12093,Okeechobee,FL,1711,42168,38
12095,Orange,FL,44921,1393452,546
12097,Osceola,FL,13852,375751,194
12099,Palm Beach,FL,50316,1496770,1561
12101,Pasco,FL,10539,553947,236
12103,Pinellas,FL,24986,974996,816
12105,Polk,FL,22481,724777,615
12107,Putnam,FL,2348,74521,50
12109,St. Johns,FL,6236,264672,80
12111,St. Lucie,FL,8857,328297,329
12113,Santa Rosa,FL,5849,184313,86
12115,Sarasota,FL,9340,433742,330
12117,Seminole,FL,10009,471826,236
12119,Sumter,FL,2844,132420,84
12121,Suwannee,FL,2967,44417,77
12123,Taylor,FL,1446,21569,16
12125,Union,FL,1117,15237,41
12127,Volusia,FL,12399,553284,316
12129,Wakulla,FL,1299,33739,11
12131,Walton,FL,2347,74071,29
12133,Washington,FL,1209,25473,24
13001,Appling,GA,1161,18386,36
13003,Atkinson,GA,480,8165,6
13005,Bacon,GA,634,11164,16
13007,Baker,GA,90,3038,6
13009,Baldwin,GA,2297,44890,64
13011,Banks,GA,551,19234,8
13013,Barrow,GA,2563,83240,50
13015,Bartow,GA,3538,107738,94
13017,Ben Hill,GA,867,16700,33
13019,Berrien,GA,490,19397,13
13021,Bibb,GA,6566,153159,193
13023,Bleckley,GA,511,12873,27
13025,Brantley,GA,427,19109,13
13027,Brooks,GA,552,15457,27
13029,Bryan,GA,1283,39627,14
13031,Bulloch,GA,3061,79608,33
13033,Burke,GA,879,22383,12
13035,Butts,GA,739,24936,44
13037,Calhoun,GA,266,6189,9
13039,Camden,GA,1402,54666,18
13043,Candler,GA,536,10803,24
13045,Carroll,GA,3310,119992,75
13047,Catoosa,GA,1387,67580,22
13049,Charlton,GA,646,13392,10
13051,Chatham,GA,9317,289430,186
13053,Chattahoochee,GA,1742,10907,1
13055,Chattooga,GA,914,24789,29
13057,Cherokee,GA,6998,258773,101
13059,Clarke,GA,5678,128331,47
13061,Clay,GA,124,2834,3
13063,Clayton,GA,8102,292256,175
13065,Clinch,GA,444,6618,12
13067,Cobb,GA,21676,760141,454
13069,Coffee,GA,2240,43273,60
13071,Colquitt,GA,2114,45600,39
13073,Columbia,GA,4311,156714,64
13075,Cook,GA,581,17270,16
13077,Coweta,GA,2928,148509,63
13079,Crawford,GA,194,12404,6
13081,Crisp,GA,641,22372,23
13083,Dade,GA,342,16116,6
13085,Dawson,GA,907,26108,11
13087,Decatur,GA,1287,26404,34
13089,DeKalb,GA,20883,759297,395
13091,Dodge,GA,590,20605,15
13093,Dooly,GA,369,13390,18
13095,Dougherty,GA,3293,87956,191
13097,Douglas,GA,4053,146343,72
13099,Early,GA,545,10190,35
13101,Echols,GA,244,4006,2
13103,Effingham,GA,1769,64296,28
13105,Elbert,GA,764,19194,9
13107,Emanuel,GA,1191,22646,36
13109,Evans,GA,479,10654,7
13111,Fannin,GA,814,26188,28
13113,Fayette,GA,2104,114421,57
13115,Floyd,GA,3866,98498,59
13117,Forsyth,GA,4674,244252,52
13119,Franklin,GA,915,23349,17
13121,Fulton,GA,30691,1063937,618
13123,Gilmer,GA,1020,31369,23
13125,Glascock,GA,48,2971,2
13127,Glynn,GA,3696,85292,104
13129,Gordon,GA,2307,57963,44
13131,Grady,GA,850,24633,25
13133,Greene,GA,569,18324,25
13135,Gwinnett,GA,30204,936250,440
13137,Habersham,GA,1868,45328,77
13139,Hall,GA,10574,204441,173
13141,Hancock,GA,413,8457,44
13143,Haralson,GA,630,29792,10
13145,Harris,GA,849,35236,25
13147,Hart,GA,570,26205,16
13149,Heard,GA,224,11923,6
13151,Henry,GA,6096,234561,112
13153,Houston,GA,3566,157863,94
13155,Irwin,GA,356,9416,8
13157,Jackson,GA,2337,72977,40
13159,Jasper,GA,243,14219,4
13161,Jeff Davis,GA,785,15115,23
13163,Jefferson,GA,852,15362,32
13165,Jenkins,GA,463,8676,32
13167,Johnson,GA,440,9643,22
13169,Jones,GA,641,28735,16
13171,Lamar,GA,405,19077,19
13173,Lanier,GA,317,10423,7
13175,Laurens,GA,1967,47546,86
13177,Lee,GA,746,29992,29
13179,Liberty,GA,1232,61435,25
13181,Lincoln,GA,231,7921,7
13183,Long,GA,274,19559,4
13185,Lowndes,GA,4423,117406,85
13187,Lumpkin,GA,1038,33610,15
13189,McDuffie,GA,673,21312,15
13191,McIntosh,GA,304,14378,7
13193,Macon,GA,248,12947,10
13195,Madison,GA,774,29880,11
13197,Marion,GA,196,8359,9
13199,Meriwether,GA,592,21167,16
13201,Miller,GA,305,5718,2
13205,Mitchell,GA,850,21863,45
13207,Monroe,GA,750,27578,53
13209,Montgomery,GA,371,9172,10
13211,Morgan,GA,524,19276,6
13213,Murray,GA,1014,40096,9
13215,Muscogee,GA,6328,195769,174
13217,Newton,GA,2839,111744,95
13219,Oconee,GA,854,40280,30
13221,Oglethorpe,GA,407,15259,12
13223,Paulding,GA,3105,168667,60
13225,Peach,GA,763,27546,26
13227,Pickens,GA,741,32591,10
13229,Pierce,GA,667,19465,24
13231,Pike,GA,382,18962,11
13233,Polk,GA,1691,42613,27
13235,Pulaski,GA,335,11137,23
13237,Putnam,GA,788,22119,27
13239,Quitman,GA,38,2299,1
13241,Rabun,GA,423,17137,11
13243,Randolph,GA,339,6778,29
13245,Richmond,GA,7876,202518,181
13247,Rockdale,GA,2101,90896,40
13249,Schley,GA,109,5257,2
13251,Screven,GA,448,13966,11
13253,Seminole,GA,392,8090,11
13255,Spalding,GA,1561,66703,62
13257,Stephens,GA,1263,25925,41
13259,Stewart,GA,535,6621,16
13261,Sumter,GA,959,29524,68
13263,Talbot,GA,174,6195,7
13265,Taliaferro,GA,26,1537,0
13267,Tattnall,GA,919,25286,13
13269,Taylor,GA,228,8020,12
13271,Telfair,GA,501,15860,24
13273,Terrell,GA,340,8531,32
13275,Thomas,GA,1592,44451,69
13277,Tift,GA,1942,40644,63
13279,Toombs,GA,1471,26830,56
13281,Towns,GA,428,12037,13
13283,Treutlen,GA,302,6901,11
13285,Troup,GA,3019,69922,106
13287,Turner,GA,333,7985,24
13289,Twiggs,GA,216,8120,10
13291,Union,GA,880,24511,25
13293,Upson,GA,832,26320,70
13295,Walker,GA,1841,69761,43
13297,Walton,GA,2310,94593,68
13299,Ware,GA,1722,35734,63
13301,Warren,GA,163,5254,5
13303,Washington,GA,756,20374,13
13305,Wayne,GA,1221,29927,33
13307,Webster,GA,43,2607,2
13309,Wheeler,GA,367,7855,16
13311,White,GA,997,30798,23
13313,Whitfield,GA,5325,104628,64
13315,Wilcox,GA,255,8635,25
13317,Wilkes,GA,290,9777,6
13319,Wilkinson,GA,366,8954,17
13321,Worth,GA,605,20247,32
15001,Hawaii,HI,1170,201513,28
15003,Honolulu,HI,12791,974563,165
15005,Kalawao,HI,0,86,0
15007,Kauai,HI,60,72293,0
15009,Maui,HI,480,167417,18
16001,Ada,ID,16179,481587,164
16003,Adams,ID,48,4294,2
16005,Bannock,ID,2290,87808,10
16007,Bear Lake,ID,67,6125,1
16009,Benewah,ID,170,9298,3
16011,Bingham,ID,1539,46811,17
16013,Blaine,ID,859,23021,7
16015,Boise,ID,75,7831,2
16017,Bonner,ID,470,45739,1
16019,Bonneville,ID,4249,119062,28
16021,Boundary,ID,132,12245,1
16023,Butte,ID,93,2597,0
16025,Camas,ID,41,1106,0
16027,Canyon,ID,9736,229849,108
16029,Caribou,ID,256,7155,4
16031,Cassia,ID,1324,24030,8
16033,Clark,ID,40,845,0
16035,Clearwater,ID,132,8756,0
16037,Custer,ID,93,4315,1
16039,Elmore,ID,511,27511,4
16041,Franklin,ID,337,13876,1
16043,Fremont,ID,462,13099,4
16045,Gem,ID,415,18112,6
16047,Gooding,ID,528,15179,6
16049,Idaho,ID,336,16667,1
16051,Jefferson,ID,919,29871,3
16053,Jerome,ID,1043,24412,8
16055,Kootenai,ID,3921,165697,48
16057,Latah,ID,887,40108,0
16059,Lemhi,ID,204,8027,0
16061,Lewis,ID,76,3838,3
16063,Lincoln,ID,163,5366,1
16065,Madison,ID,2401,39907,3
16067,Minidoka,ID,1148,21039,8
16069,Nez Perce,ID,757,40408,24
16071,Oneida,ID,45,4531,0
16073,Owyhee,ID,387,11823,5
16075,Payette,ID,1112,23951,10
16077,Power,ID,356,7681,2
16079,Shoshone,ID,259,12882,20
16081,Teton,ID,274,12142,2
16083,Twin Falls,ID,3804,86878,46
16085,Valley,ID,115,11392,1
16087,Washington,ID,441,10194,8
17001,Adams,IL,1838,65435,19
17003,Alexander,IL,120,5761,1
17005,Bond,IL,488,16426,9
17007,Boone,IL,1830,53544,25
17009,Brown,IL,107,6578,0
17011,Bureau,IL,895,32628,17
17013,Calhoun,IL,67,4739,0
17015,Carroll,IL,401,14305,11
17017,Cass,IL,460,12147,11
17019,Champaign,IL,6048,209689,29
17021,Christian,IL,811,32304,29
17023,Clark,IL,307,15441,17
17025,Clay,IL,307,13184,13
17027,Clinton,IL,1733,37562,26
17029,Coles,IL,1896,50621,39
17031,Cook,IL,173817,5150233,5409
17033,Crawford,IL,644,18667,6
17035,Cumberland,IL,281,10766,6
17037,DeKalb,IL,2317,104897,42
17039,De Witt,IL,255,15638,6
17041,Douglas,IL,655,19465,9
17043,DuPage,IL,22546,922921,607
17045,Edgar,IL,153,17161,10
17047,Edwards,IL,107,6395,0
17049,Effingham,IL,1159,34008,4
17051,Fayette,IL,674,21336,22
17053,Ford,IL,191,12961,12
17055,Franklin,IL,952,38469,9
17057,Fulton,IL,498,34340,1
17059,Gallatin,IL,106,4828,2
17061,Greene,IL,287,12969,15
17063,Grundy,IL,960,51054,7
17065,Hamilton,IL,117,8116,2
17067,Hancock,IL,309,17708,4
17069,Hardin,IL,53,3821,0
17071,Henderson,IL,128,6646,0
17073,Henry,IL,842,48913,7
17075,Iroquois,IL,489,27114,19
17077,Jackson,IL,1524,56750,26
17079,Jasper,IL,261,9610,10
17081,Jefferson,IL,893,37684,48
17083,Jersey,IL,470,21773,21
17085,Jo Daviess,IL,486,21235,7
17087,Johnson,IL,346,12417,0
17089,Kane,IL,16453,532403,347
17091,Kankakee,IL,3366,109862,80
17093,Kendall,IL,2630,128990,30
17095,Knox,IL,1272,49699,16
17097,Lake,IL,20485,696535,509
17099,LaSalle,IL,2378,108669,63
17101,Lawrence,IL,332,15678,8
17103,Lee,IL,705,34096,1
17105,Livingston,IL,626,35648,10
17107,Logan,IL,589,28618,4
17109,McDonough,IL,739,29682,20
17111,McHenry,IL,6225,307774,120
17113,McLean,IL,4103,171517,34
17115,Macon,IL,2969,104009,51
17117,Macoupin,IL,784,44926,10
17119,Madison,IL,7084,262966,154
17121,Marion,IL,991,37205,19
17123,Marshall,IL,150,11438,3
17125,Mason,IL,300,13359,1
17127,Massac,IL,154,13772,2
17129,Menard,IL,182,12196,1
17131,Mercer,IL,252,15437,6
17133,Monroe,IL,903,34637,29
17135,Montgomery,IL,609,28414,16
17137,Morgan,IL,890,33658,24
17139,Moultrie,IL,408,14501,4
17141,Ogle,IL,1185,50643,7
17143,Peoria,IL,4485,179179,70
17145,Perry,IL,430,20916,16
17147,Piatt,IL,244,16344,0
17149,Pike,IL,332,15561,6
17151,Pope,IL,42,4177,1
17153,Pulaski,IL,235,5335,1
17155,Putnam,IL,90,5739,0
17157,Randolph,IL,1249,31782,15
17159,Richland,IL,333,15513,16
17161,Rock Island,IL,3960,141879,90
17163,St. Clair,IL,7878,259686,218
17165,Saline,IL,555,23491,9
17167,Sangamon,IL,3896,194672,63
17169,Schuyler,IL,91,6768,1
17171,Scott,IL,102,4951,0
17173,Shelby,IL,653,21634,12
17175,Stark,IL,85,5342,3
17177,Stephenson,IL,949,44498,7
17179,Tazewell,IL,2594,131803,56
17181,Union,IL,784,16653,25
17183,Vermilion,IL,1697,75758,10
17185,Wabash,IL,220,11520,5
17187,Warren,IL,493,16844,8
17189,Washington,IL,301,13887,2
17191,Wayne,IL,481,16215,12
17193,White,IL,264,13537,4
17195,Whiteside,IL,1387,55175,25
17197,Will,IL,18179,690743,427
17199,Williamson,IL,1857,66597,59
17201,Winnebago,IL,10052,282572,180
17203,Woodford,IL,596,38459,14
18001,Adams,IN,805,35777,8
18003,Allen,IN,8459,379299,241
18005,Bartholomew,IN,1468,83779,62
18007,Benton,IN,109,8748,0
18009,Blackford,IN,241,11758,3
18011,Boone,IN,1288,67843,53
18013,Brown,IN,146,15092,3
18015,Carroll,IN,332,20257,13
18017,Cass,IN,2273,37689,23
18019,Clark,IN,3025,118302,70
18021,Clay,IN,456,26225,7
18023,Clinton,IN,893,32399,20
18025,Crawford,IN,161,10577,2
18027,Daviess,IN,904,33351,36
18029,Dearborn,IN,1007,49458,30
18031,Decatur,IN,546,26559,42
18033,DeKalb,IN,747,43475,12
18035,Delaware,IN,3039,114135,75
18037,Dubois,IN,1427,42736,26
18039,Elkhart,IN,9118,206341,141
18041,Fayette,IN,851,23102,18
18043,Floyd,IN,1845,78522,71
18045,Fountain,IN,320,16346,3
18047,Franklin,IN,389,22758,26
18049,Fulton,IN,373,19974,4
18051,Gibson,IN,917,33659,12
18053,Grant,IN,1699,65769,42
18055,Greene,IN,563,31922,41
18057,Hamilton,IN,6326,338011,123
18059,Hancock,IN,1240,78168,47
18061,Harrison,IN,786,40515,26
18063,Hendricks,IN,3373,170311,150
18065,Henry,IN,1310,47972,31
18067,Howard,IN,1678,82544,69
18069,Huntington,IN,424,36520,5
18071,Jackson,IN,1168,44231,18
18073,Jasper,IN,645,33562,6
18075,Jay,IN,334,20436,7
18077,Jefferson,IN,346,32308,5
18079,Jennings,IN,376,27735,15
18081,Johnson,IN,3248,158167,138
18083,Knox,IN,796,36594,10
18085,Kosciusko,IN,1956,79456,28
18087,LaGrange,IN,825,39614,16
18089,Lake,IN,14083,485493,376
18091,LaPorte,IN,2321,109888,60
18093,Lawrence,IN,942,45370,39
18095,Madison,IN,2466,129569,107
18097,Marion,IN,25863,964582,845
18099,Marshall,IN,1427,46258,26
18101,Martin,IN,202,10255,0
18103,Miami,IN,646,35516,5
18105,Monroe,IN,3308,148431,42
18107,Montgomery,IN,606,38338,23
18109,Morgan,IN,987,70489,43
18111,Newton,IN,231,13984,12
18113,Noble,IN,1195,47744,36
18115,Ohio,IN,131,5875,7
18117,Orange,IN,419,19646,27
18119,Owen,IN,211,20799,2
18121,Parke,IN,259,16937,4
18123,Perry,IN,344,19169,15
18125,Pike,IN,340,12389,18
18127,Porter,IN,3334,170389,52
18129,Posey,IN,755,25427,6
18131,Pulaski,IN,162,12353,2
18133,Putnam,IN,763,37576,16
18135,Randolph,IN,411,24665,10
18137,Ripley,IN,467,28324,8
18139,Rush,IN,271,16581,4
18141,St. Joseph,IN,9421,271826,173
18143,Scott,IN,540,23873,15
18145,Shelby,IN,1384,44729,39
18147,Spencer,IN,407,20277,6
18149,Starke,IN,434,22995,9
18151,Steuben,IN,645,34594,8
18153,Sullivan,IN,457,20669,14
18155,Switzerland,IN,98,10751,0
18157,Tippecanoe,IN,3839,195732,16
18159,Tipton,IN,285,15148,26
18161,Union,IN,139,7054,0
18163,Vanderburgh,IN,6015,181451,61
18165,Vermillion,IN,261,15498,1
18167,Vigo,IN,2694,107038,41
18169,Wabash,IN,437,30996,9
18171,Warren,IN,90,8265,1
18173,Warrick,IN,1997,62998,67
18175,Washington,IN,384,28036,3
18177,Wayne,IN,1742,65884,32
18179,Wells,IN,467,28296,13
18181,White,IN,599,24102,15
18183,Whitley,IN,469,33964,6
19001,Adair,IA,155,7152,1
19003,Adams,IA,79,3602,0
19005,Allamakee,IA,358,13687,8
19007,Appanoose,IA,221,12426,3
19009,Audubon,IA,141,5496,1
19011,Benton,IA,565,25645,2
19013,Black Hawk,IA,5498,131228,98
19015,Boone,IA,709,26234,9
19017,Bremer,IA,660,25062,9
19019,Buchanan,IA,436,21175,4
19021,Buena Vista,IA,2245,19620,12
19023,Butler,IA,362,14439,2
19025,Calhoun,IA,299,9668,4
19027,Carroll,IA,1114,20165,12
19029,Cass,IA,379,12836,2
19031,Cedar,IA,444,18627,5
19033,Cerro Gordo,IA,1351,42450,25
19035,Cherokee,IA,390,11235,2
19037,Chickasaw,IA,345,11933,1
19039,Clarke,IA,342,9395,3
19041,Clay,IA,523,16016,4
19043,Clayton,IA,405,17549,3
19045,Clinton,IA,1451,46429,26
19047,Crawford,IA,1350,16820,14
19049,Dallas,IA,3413,93453,44
19051,Davis,IA,166,9000,4
19053,Decatur,IA,148,7870,0
19055,Delaware,IA,759,17011,12
19057,Des Moines,IA,1351,38967,10
19059,Dickinson,IA,724,17258,7
19061,Dubuque,IA,5075,97311,57
19063,Emmet,IA,423,9208,17
19065,Fayette,IA,367,19650,4
19067,Floyd,IA,428,15642,11
19069,Franklin,IA,380,10070,18
19071,Fremont,IA,197,6960,1
19073,Greene,IA,184,8888,0
19075,Grundy,IA,298,12232,5
19077,Guthrie,IA,383,10689,15
19079,Hamilton,IA,464,14773,4
19081,Hancock,IA,309,10630,4
19083,Hardin,IA,468,16846,6
19085,Harrison,IA,643,14049,11
19087,Henry,IA,1045,19954,5
19089,Howard,IA,266,9158,9
19091,Humboldt,IA,319,9558,3
19093,Ida,IA,187,6860,2
19095,Iowa,IA,394,16184,8
19097,Jackson,IA,593,19439,3
19099,Jasper,IA,1072,37185,34
19101,Jefferson,IA,232,18295,1
19103,Johnson,IA,5795,151140,30
19105,Jones,IA,431,20681,4
19107,Keokuk,IA,158,10246,1
19109,Kossuth,IA,455,14813,0
19111,Lee,IA,939,33657,10
19113,Linn,IA,5401,226706,129
19115,Louisa,IA,516,11035,15
19117,Lucas,IA,199,8600,6
19119,Lyon,IA,540,11755,7
19121,Madison,IA,355,16338,3
19123,Mahaska,IA,677,22095,24
19125,Marion,IA,981,33253,10
19127,Marshall,IA,1992,39369,36
19129,Mills,IA,381,15109,1
19131,Mitchell,IA,261,10586,0
19133,Monona,IA,240,8615,1
19135,Monroe,IA,258,7707,11
19137,Montgomery,IA,165,9917,7
19139,Muscatine,IA,1417,42664,58
19141,O'Brien,IA,632,13753,14
19143,Osceola,IA,269,5958,0
19145,Page,IA,388,15107,0
19147,Palo Alto,IA,310,8886,2
19149,Plymouth,IA,1629,25177,27
19151,Pocahontas,IA,219,6619,2
19153,Polk,IA,18737,490161,286
19155,Pottawattamie,IA,3193,93206,44
19157,Poweshiek,IA,453,18504,11
19159,Ringgold,IA,88,4894,2
19161,Sac,IA,389,9721,4
19163,Scott,IA,4411,172943,38
19165,Shelby,IA,366,11454,1
19167,Sioux,IA,2390,34855,16
19169,Story,IA,3965,97117,18
19171,Tama,IA,934,16854,37
19173,Taylor,IA,231,6121,2
19175,Union,IA,228,12241,4
19177,Van Buren,IA,170,7044,2
19179,Wapello,IA,1505,34969,62
19181,Warren,IA,1211,51466,7
19183,Washington,IA,645,21965,11
19185,Wayne,IA,117,6441,3
19187,Webster,IA,1823,35904,15
19189,Winnebago,IA,473,10354,19
19191,Winneshiek,IA,464,19991,9
19193,Woodbury,IA,7085,103107,94
19195,Worth,IA,141,7381,0
19197,Wright,IA,712,12562,1
20001,Allen,KS,112,12369,1
20003,Anderson,KS,170,7858,0
20005,Atchison,KS,512,16073,5
20007,Barber,KS,40,4427,0
20009,Barton,KS,723,25779,7
20011,Bourbon,KS,303,14534,3
20013,Brown,KS,212,9564,5
20015,Butler,KS,1392,66911,3
20017,Chase,KS,91,2648,1
20019,Chautauqua,KS,25,3250,0
20021,Cherokee,KS,655,19939,8
20023,Cheyenne,KS,114,2657,5
20025,Clark,KS,67,1994,1
20027,Clay,KS,79,8002,2
20029,Cloud,KS,119,8786,1
20031,Coffey,KS,154,8179,9
20033,Comanche,KS,19,1700,0
20035,Cowley,KS,516,34908,10
20037,Crawford,KS,1421,38818,10
20039,Decatur,KS,86,2827,1
20041,Dickinson,KS,288,18466,3
20043,Doniphan,KS,186,7600,0
20045,Douglas,KS,2796,122259,17
20047,Edwards,KS,65,2798,0
20049,Elk,KS,15,2530,0
20051,Ellis,KS,1348,28553,18
20053,Ellsworth,KS,209,6102,0
20055,Finney,KS,2895,36467,18
20057,Ford,KS,3343,33619,10
20059,Franklin,KS,515,25544,3
20061,Geary,KS,542,31670,4
20063,Gove,KS,162,2636,11
20065,Graham,KS,48,2482,1
20067,Grant,KS,424,7150,8
20069,Gray,KS,176,5988,0
20071,Greeley,KS,33,1232,0
20073,Greenwood,KS,75,5982,0
20075,Hamilton,KS,67,2539,0
20077,Harper,KS,143,5436,2
20079,Harvey,KS,532,34429,8
20081,Haskell,KS,158,3968,1
20083,Hodgeman,KS,32,1794,0
20085,Jackson,KS,312,13171,4
20087,Jefferson,KS,268,19043,4
20089,Jewell,KS,28,2879,1
20091,Johnson,KS,14148,602401,192
20093,Kearny,KS,144,3838,6
20095,Kingman,KS,131,7152,3
20097,Kiowa,KS,58,2475,0
20099,Labette,KS,377,19618,6
20101,Lane,KS,22,1535,1
20103,Leavenworth,KS,2582,81758,18
20105,Lincoln,KS,21,2962,1
20107,Linn,KS,115,9703,1
20109,Logan,KS,79,2794,0
20111,Lyon,KS,1227,33195,39
20113,McPherson,KS,373,28542,6
20115,Marion,KS,146,11884,1
20117,Marshall,KS,70,9707,0
20119,Meade,KS,158,4033,2
20121,Miami,KS,520,34237,2
20123,Mitchell,KS,57,5979,0
20125,Montgomery,KS,666,31829,6
20127,Morris,KS,56,5620,0
20129,Morton,KS,35,2587,2
20131,Nemaha,KS,285,10231,1
20133,Neosho,KS,224,16007,0
20135,Ness,KS,148,2750,9
20137,Norton,KS,477,5361,10
20139,Osage,KS,160,15949,2
20141,Osborne,KS,24,3421,0
20143,Ottawa,KS,111,5704,0
20145,Pawnee,KS,418,6414,1
20147,Phillips,KS,180,5234,9
20149,Pottawatomie,KS,370,24383,0
20151,Pratt,KS,112,9164,0
20153,Rawlins,KS,105,2530,0
20155,Reno,KS,2008,61998,15
20157,Republic,KS,77,4636,1
20159,Rice,KS,132,9537,1
20161,Riley,KS,2111,74232,11
20163,Rooks,KS,145,4920,7
20165,Rush,KS,98,3036,0
20167,Russell,KS,173,6856,4
20169,Saline,KS,1063,54224,13
20171,Scott,KS,170,4823,1
20173,Sedgwick,KS,11550,516042,127
20175,Seward,KS,2053,21428,13
20177,Shawnee,KS,3416,176875,77
20179,Sheridan,KS,153,2521,0
20181,Sherman,KS,207,5917,4
20183,Smith,KS,20,3583,0
20185,Stafford,KS,76,4156,1
20187,Stanton,KS,92,2006,2
20189,Stevens,KS,198,5485,1
20191,Sumner,KS,278,22836,4
20193,Thomas,KS,266,7777,2
20195,Trego,KS,65,2803,1
20197,Wabaunsee,KS,83,6931,1
20199,Wallace,KS,36,1518,0
20201,Washington,KS,32,5406,0
20203,Wichita,KS,33,2119,0
20205,Wilson,KS,107,8525,2
20207,Woodson,KS,33,3138,0
20209,Wyandotte,KS,8216,165429,164
21001,Adair,KY,484,19202,21
21003,Allen,KY,528,21315,11
21005,Anderson,KY,242,22747,1
21007,Ballard,KY,69,7888,1
21009,Barren,KY,1100,44249,13
21011,Bath,KY,114,12500,1
21013,Bell,KY,667,26032,17
21015,Boone,KY,2071,133581,25
21017,Bourbon,KY,308,19788,1
21019,Boyd,KY,634,46718,21
21021,Boyle,KY,439,30060,0
21023,Bracken,KY,68,8303,1
21025,Breathitt,KY,121,12630,0
21027,Breckinridge,KY,188,20477,2
21029,Bullitt,KY,1340,81676,14
21031,Butler,KY,400,12879,16
21033,Caldwell,KY,254,12747,0
21035,Calloway,KY,933,39001,9
21037,Campbell,KY,1170,93584,16
21039,Carlisle,KY,101,4760,1
21041,Carroll,KY,217,10631,5
21043,Carter,KY,325,26797,4
21045,Casey,KY,313,16159,15
21047,Christian,KY,1809,70461,27
21049,Clark,KY,509,36263,11
21051,Clay,KY,492,19901,6
21053,Clinton,KY,224,10218,3
21055,Crittenden,KY,162,8806,1
21057,Cumberland,KY,132,6614,0
21059,Daviess,KY,1926,101511,29
21061,Edmonson,KY,183,12150,12
21063,Elliott,KY,184,7517,0
21065,Estill,KY,263,14106,0
21067,Fayette,KY,10338,323152,87
21069,Fleming,KY,175,14581,0
21071,Floyd,KY,337,35589,4
21073,Franklin,KY,841,50991,14
21075,Fulton,KY,231,5969,3
21077,Gallatin,KY,126,8869,8
21079,Garrard,KY,296,17666,3
21081,Grant,KY,234,25069,6
21083,Graves,KY,871,37266,29
21085,Grayson,KY,498,26427,15
21087,Green,KY,329,10941,8
21089,Greenup,KY,602,35098,11
21091,Hancock,KY,130,8722,2
21093,Hardin,KY,1916,110958,13
21095,Harlan,KY,583,26010,14
21097,Harrison,KY,259,18886,1
21099,Hart,KY,364,19035,1
21101,Henderson,KY,1280,45210,25
21103,Henry,KY,257,16126,2
21105,Hickman,KY,111,4380,1
21107,Hopkins,KY,1008,44686,42
21109,Jackson,KY,444,13329,17
21111,Jefferson,KY,21128,766757,348
21113,Jessamine,KY,925,54115,9
21115,Johnson,KY,286,22188,2
21117,Kenton,KY,2552,166998,49
21119,Knott,KY,329,14806,4
21121,Knox,KY,807,31145,9
21123,Larue,KY,242,14398,1
21125,Laurel,KY,1376,60813,7
21127,Lawrence,KY,141,15317,0
21129,Lee,KY,111,7403,3
21131,Leslie,KY,125,9877,1
21133,Letcher,KY,299,21553,2
21135,Lewis,KY,277,13275,15
21137,Lincoln,KY,313,24549,19
21139,Livingston,KY,123,9194,1
21141,Logan,KY,746,27102,31
21143,Lyon,KY,106,8210,4
21145,McCracken,KY,1070,65418,12
21147,McCreary,KY,251,17231,1
21149,McLean,KY,174,9207,3
21151,Madison,KY,2278,92987,13
21153,Magoffin,KY,153,12161,0
21155,Marion,KY,419,19273,10
21157,Marshall,KY,452,31100,7
21159,Martin,KY,173,11195,3
21161,Mason,KY,163,17070,2
21163,Meade,KY,367,28572,3
21165,Menifee,KY,80,6489,1
21167,Mercer,KY,339,21933,6
21169,Metcalfe,KY,186,10071,2
21171,Monroe,KY,269,10650,4
21173,Montgomery,KY,425,28157,4
21175,Morgan,KY,118,13309,0
21177,Muhlenberg,KY,952,30622,13
21179,Nelson,KY,835,46233,4
21181,Nicholas,KY,104,7269,2
21183,Ohio,KY,591,23994,9
21185,Oldham,KY,1403,66799,26
21187,Owen,KY,117,10901,3
21189,Owsley,KY,87,4415,1
21191,Pendleton,KY,121,14590,0
21193,Perry,KY,498,25758,9
21195,Pike,KY,806,57876,3
21197,Powell,KY,138,12359,0
21199,Pulaski,KY,979,64979,13
21201,Robertson,KY,19,2108,1
21203,Rockcastle,KY,320,16695,2
21205,Rowan,KY,330,24460,1
21207,Russell,KY,374,17923,6
21209,Scott,KY,1084,57004,18
21211,Shelby,KY,1423,49024,24
21213,Simpson,KY,340,18572,8
21215,Spencer,KY,285,19351,0
21217,Taylor,KY,469,25769,7
21219,Todd,KY,280,12294,12
21221,Trigg,KY,239,14651,0
21223,Trimble,KY,84,8471,0
21225,Union,KY,503,14381,6
21227,Warren,KY,5088,132896,57
21229,Washington,KY,221,12095,1
21231,Wayne,KY,275,20333,1
21233,Webster,KY,299,12942,5
21235,Whitley,KY,787,36264,6
21237,Wolfe,KY,59,7157,0
21239,Woodford,KY,367,26734,0
22001,Acadia Parish,LA,3108,62045,100
22003,Allen Parish,LA,1843,25627,55
22005,Ascension Parish,LA,4043,126604,98
22007,Assumption Parish,LA,793,21891,24
22009,Avoyelles Parish,LA,1700,40144,62
22011,Beauregard Parish,LA,1065,37497,40
22013,Bienville Parish,LA,589,13241,33
22015,Bossier Parish,LA,4129,127039,117
22017,Caddo Parish,LA,9928,240204,392
22019,Calcasieu Parish,LA,8302,203436,224
22021,Caldwell Parish,LA,345,9918,3
22023,Cameron Parish,LA,241,6973,2
22025,Catahoula Parish,LA,460,9494,14
22027,Claiborne Parish,LA,600,15670,24
22029,Concordia Parish,LA,597,19259,16
22031,De Soto Parish,LA,1009,27463,35
22033,East Baton Rouge Parish,LA,15950,440059,457
22035,East Carroll Parish,LA,578,6861,6
22037,East Feliciana Parish,LA,1795,19135,77
22039,Evangeline Parish,LA,1401,33395,39
22041,Franklin Parish,LA,1305,20015,45
22043,Grant Parish,LA,532,22389,30
22045,Iberia Parish,LA,3059,69830,95
22047,Iberville Parish,LA,1470,32511,60
22049,Jackson Parish,LA,846,15744,23
22051,Jefferson Parish,LA,18539,432493,583
22053,Jefferson Davis Parish,LA,1335,31368,43
22055,Lafayette Parish,LA,9380,244390,138
22057,Lafourche Parish,LA,3871,97614,128
22059,La Salle Parish,LA,490,14892,10
22061,Lincoln Parish,LA,1633,46742,48
22063,Livingston Parish,LA,4157,140789,79
22065,Madison Parish,LA,893,10951,9
22067,Morehouse Parish,LA,885,24874,26
22069,Natchitoches Parish,LA,1448,38158,28
22071,Orleans Parish,LA,13368,390144,592
22073,Ouachita Parish,LA,6911,153279,160
22075,Plaquemines Parish,LA,885,23197,19
22077,Pointe Coupee Parish,LA,1129,21730,40
22079,Rapides Parish,LA,4646,129648,154
22081,Red River Parish,LA,415,8442,24
22083,Richland Parish,LA,872,20122,16
22085,Sabine Parish,LA,976,23884,15
22087,St. Bernard Parish,LA,1532,47244,32
22089,St. Charles Parish,LA,1933,53100,63
22091,St. Helena Parish,LA,434,10132,4
22093,St. James Parish,LA,837,21096,40
22095,St. John the Baptist Parish,LA,1628,42837,107
22097,St. Landry Parish,LA,3616,82124,135
22099,St. Martin Parish,LA,2201,53431,63
22101,St. Mary Parish,LA,2015,49348,85
22103,St. Tammany Parish,LA,7640,260419,269
22105,Tangipahoa Parish,LA,4959,134758,123
22107,Tensas Parish,LA,187,4334,2
22109,Terrebonne Parish,LA,3855,110461,123
22111,Union Parish,LA,1098,22108,51
22113,Vermilion Parish,LA,2114,59511,70
22115,Vernon Parish,LA,1112,47429,55
22117,Washington Parish,LA,1737,46194,71
22119,Webster Parish,LA,1452,38340,40
22121,West Baton Rouge Parish,LA,960,26465,42
22123,West Carroll Parish,LA,371,10830,12
22125,West Feliciana Parish,LA,739,15568,25
22127,Winn Parish,LA,680,13904,19
23001,Androscoggin,ME,845,108277,10
23003,Aroostook,ME,60,67055,1
23005,Cumberland,ME,2463,295003,70
23007,Franklin,ME,74,30199,1
23009,Hancock,ME,63,54987,1
23011,Kennebec,ME,309,122302,11
23013,Knox,ME,58,39772,1
23015,Lincoln,ME,60,34634,1
23017,Oxford,ME,158,57975,2
23019,Penobscot,ME,285,152148,6
23021,Piscataquis,ME,10,16785,0
23023,Sagadahoc,ME,80,35856,0
23025,Somerset,ME,133,50484,8
23027,Waldo,ME,143,39715,14
23029,Washington,ME,31,31379,0
23031,York,ME,1364,207641,20
24001,Allegany,MD,624,70416,23
24003,Anne Arundel,MD,11645,579234,268
24005,Baltimore,MD,20108,827370,662
24009,Calvert,MD,1158,92525,29
24011,Caroline,MD,729,33406,8
24013,Carroll,MD,2192,168447,129
24015,Cecil,MD,1310,102855,36
24017,Charles,MD,3090,163257,102
24019,Dorchester,MD,761,31929,10
24021,Frederick,MD,4643,259547,138
24023,Garrett,MD,123,29014,1
24025,Harford,MD,3513,255441,81
24027,Howard,MD,5743,325690,124
24029,Kent,MD,338,19422,24
24031,Montgomery,MD,24984,1050688,864
24033,Prince George's,MD,32121,909327,853
24035,Queen Anne's,MD,762,50381,26
24037,St. Mary's,MD,1443,113510,60
24039,Somerset,MD,409,25616,6
24041,Talbot,MD,636,37181,6
24043,Washington,MD,2211,151049,42
24045,Wicomico,MD,2434,103609,50
24047,Worcester,MD,1198,52276,30
24510,Baltimore City,MD,17312,593490,501
25001,Barnstable,MA,2158,212990,182
25003,Berkshire,MA,794,124944,51
25005,Bristol,MA,12161,565217,737
25007,Dukes,MA,89,17332,0
25009,Essex,MA,23646,789034,1337
25011,Franklin,MA,500,70180,72
25013,Hampden,MA,9789,466372,809
25015,Hampshire,MA,1577,160830,153
25017,Middlesex,MA,33289,1611699,2245
25019,Nantucket,MA,149,11399,2
25021,Norfolk,MA,12921,706775,1101
25023,Plymouth,MA,11568,521202,820
25025,Suffolk,MA,28434,803907,1168
25027,Worcester,MA,18538,830622,1157
26001,Alcona,MI,52,10405,2
26003,Alger,MI,105,9108,1
26005,Allegan,MI,1201,118081,7
26007,Alpena,MI,152,28405,14
26009,Antrim,MI,115,23324,0
26011,Arenac,MI,91,14883,3
26013,Baraga,MI,80,8209,4
26015,Barry,MI,626,61550,5
26017,Bay,MI,1347,103126,62
26019,Benzie,MI,115,17766,2
26021,Berrien,MI,2609,153401,80
26023,Branch,MI,849,43517,11
26025,Calhoun,MI,2699,134159,67
26027,Cass,MI,944,51787,24
26029,Charlevoix,MI,164,26143,4
26031,Cheboygan,MI,133,25276,2
26033,Chippewa,MI,128,37349,0
26035,Clare,MI,254,30950,10
26037,Clinton,MI,1050,79595,15
26039,Crawford,MI,150,14029,5
26041,Delta,MI,1140,35784,24
26043,Dickinson,MI,603,25239,18
26045,Eaton,MI,1092,110268,11
26047,Emmet,MI,222,33415,4
26049,Genesee,MI,6491,405813,333
26051,Gladwin,MI,185,25449,2
26053,Gogebic,MI,369,13975,5
26055,Grand Traverse,MI,735,93088,13
26057,Gratiot,MI,469,40711,16
26059,Hillsdale,MI,500,45605,28
26061,Houghton,MI,906,35684,9
26063,Huron,MI,264,30981,5
26065,Ingham,MI,4532,292406,64
26067,Ionia,MI,673,64697,8
26069,Iosco,MI,277,25127,16
26071,Iron,MI,421,11066,22
26073,Isabella,MI,993,69872,15
26075,Jackson,MI,1715,158510,65
26077,Kalamazoo,MI,4657,265066,102
26079,Kalkaska,MI,121,18038,4
26081,Kent,MI,13715,656955,184
26083,Keweenaw,MI,18,2116,0
26085,Lake,MI,56,11853,0
26087,Lapeer,MI,875,87607,38
26089,Leelanau,MI,144,21761,2
26091,Lenawee,MI,1096,98451,19
26093,Livingston,MI,1942,191995,33
26095,Luce,MI,47,6229,0
26097,Mackinac,MI,154,10799,0
26099,Macomb,MI,18025,873972,1084
26101,Manistee,MI,128,24558,3
26103,Marquette,MI,973,66699,14
26105,Mason,MI,219,29144,1
26107,Mecosta,MI,463,43453,4
26109,Menominee,MI,679,22780,3
26111,Midland,MI,946,83156,14
26113,Missaukee,MI,85,15118,1
26115,Monroe,MI,1945,150500,32
26117,Montcalm,MI,602,63888,10
26119,Montmorency,MI,24,9328,0
26121,Muskegon,MI,2021,173566,81
26123,Newaygo,MI,585,48980,3
26125,Oakland,MI,24343,1257584,1235
26127,Oceana,MI,606,26467,6
26129,Ogemaw,MI,102,20997,5
26131,Ontonagon,MI,91,5720,0
26133,Osceola,MI,144,23460,0
26135,Oscoda,MI,55,8241,1
26137,Otsego,MI,237,24668,12
26139,Ottawa,MI,4807,291830,72
26141,Presque Isle,MI,50,12592,1
26143,Roscommon,MI,162,24019,5
26145,Saginaw,MI,3685,190539,152
26147,St. Clair,MI,1474,159128,64
26149,St. Joseph,MI,1171,60964,17
26151,Sanilac,MI,188,41170,7
26153,Schoolcraft,MI,66,8094,1
26155,Shiawassee,MI,682,68122,34
26157,Tuscola,MI,636,52245,35
26159,Van Buren,MI,1040,75677,18
26161,Washtenaw,MI,5238,367601,117
26163,Wayne,MI,39660,1749343,3045
26165,Wexford,MI,168,33631,4
27001,Aitkin,MN,156,15886,2
27003,Anoka,MN,8154,356921,148
27005,Becker,MN,503,34423,3
27007,Beltrami,MN,797,47188,7
27009,Benton,MN,857,40889,5
27011,Big Stone,MN,128,4991,0
27013,Blue Earth,MN,1971,67653,7
27015,Brown,MN,300,25008,3
27017,Carlton,MN,386,35871,1
27019,Carver,MN,1707,105089,7
27021,Cass,MN,320,29779,5
27023,Chippewa,MN,397,11800,3
27025,Chisago,MN,879,56579,2
27027,Clay,MN,2073,64222,43
27029,Clearwater,MN,84,8818,0
27031,Cook,MN,11,5463,0
27033,Cottonwood,MN,264,11196,0
27035,Crow Wing,MN,915,65055,21
27037,Dakota,MN,9321,429021,134
27039,Dodge,MN,366,20934,0
27041,Douglas,MN,612,38141,3
27043,Faribault,MN,213,13653,0
27045,Fillmore,MN,238,21067,0
27047,Freeborn,MN,638,30281,4
27049,Goodhue,MN,515,46340,11
27051,Grant,MN,90,5972,4
27053,Hennepin,MN,32544,1265843,966
27055,Houston,MN,181,18600,1
27057,Hubbard,MN,335,21491,2
27059,Isanti,MN,495,40596,3
27061,Itasca,MN,684,45130,17
27063,Jackson,MN,198,9846,1
27065,Kanabec,MN,189,16337,10
27067,Kandiyohi,MN,1570,43199,4
27069,Kittson,MN,27,4298,0
27071,Koochiching,MN,162,12229,4
27073,Lac Qui Parle,MN,124,6623,2
27075,Lake,MN,105,10641,0
27077,Lake of the Woods,MN,42,3740,1
27079,Le Sueur,MN,585,28887,5
27081,Lincoln,MN,167,5639,0
27083,Lyon,MN,928,25474,6
27085,McLeod,MN,569,35893,3
27087,Mahnomen,MN,97,5527,1
27089,Marshall,MN,88,9336,1
27091,Martin,MN,589,19683,16
27093,Meeker,MN,311,23222,3
27095,Mille Lacs,MN,360,26277,10
27097,Morrison,MN,629,33386,6
27099,Mower,MN,1491,40062,13
27101,Murray,MN,253,8194,3
27103,Nicollet,MN,682,34274,17
27105,Nobles,MN,2164,21629,16
27107,Norman,MN,97,6375,0
27109,Olmsted,MN,3089,158293,29
27111,Otter Tail,MN,772,58746,6
27113,Pennington,MN,165,14119,1
27115,Pine,MN,511,29579,0
27117,Pipestone,MN,328,9126,16
27119,Polk,MN,502,31364,4
27121,Pope,MN,148,11249,0
27123,Ramsey,MN,13430,550321,347
27125,Red Lake,MN,59,4055,2
27127,Redwood,MN,250,15170,11
27129,Renville,MN,230,14548,11
27131,Rice,MN,1581,66972,9
27133,Rock,MN,301,9315,1
27135,Roseau,MN,199,15165,0
27137,St. Louis,MN,2689,199070,63
27139,Scott,MN,3209,149013,34
27141,Sherburne,MN,1566,97238,21
27143,Sibley,MN,238,14865,3
27145,Stearns,MN,5443,161075,36
27147,Steele,MN,724,36649,2
27149,Stevens,MN,168,9805,1
27151,Swift,MN,192,9266,1
27153,Todd,MN,732,24664,3
27155,Traverse,MN,53,3259,0
27157,Wabasha,MN,327,21627,0
27159,Wadena,MN,198,13682,0
27161,Waseca,MN,911,18612,9
27163,Washington,MN,5305,262440,67
27165,Watonwan,MN,568,10897,4
27167,Wilkin,MN,125,6207,4
27169,Winona,MN,1199,50484,18
27171,Wright,MN,2296,138377,14
27173,Yellow Medicine,MN,267,9709,5
28001,Adams,MS,1085,30693,44
28003,Alcorn,MS,1001,36953,12
28005,Amite,MS,425,12297,13
28007,Attala,MS,794,18174,26
28009,Benton,MS,341,8259,6
28011,Bolivar,MS,2016,30628,77
28013,Calhoun,MS,626,14361,12
28015,Carroll,MS,493,9947,12
28017,Chickasaw,MS,855,17103,26
28019,Choctaw,MS,208,8210,6
28021,Claiborne,MS,537,8988,16
28023,Clarke,MS,758,15541,51
28025,Clay,MS,693,19316,21
28027,Coahoma,MS,1249,22124,37
28029,Copiah,MS,1375,28065,36
28031,Covington,MS,975,18636,27
28033,DeSoto,MS,7039,184945,79
28035,Forrest,MS,3046,74897,78
28037,Franklin,MS,242,7713,3
28039,George,MS,992,24500,18
28041,Greene,MS,478,13586,18
28043,Grenada,MS,1226,20758,38
28045,Hancock,MS,840,47632,28
28047,Harrison,MS,5223,208080,84
28049,Hinds,MS,7973,231840,177
28051,Holmes,MS,1147,17010,60
28053,Humphreys,MS,438,8064,16
28055,Issaquena,MS,107,1327,4
28057,Itawamba,MS,1139,23390,25
28059,Jackson,MS,4578,143617,84
28061,Jasper,MS,687,16383,17
28063,Jefferson,MS,276,6990,10
28065,Jefferson Davis,MS,410,11128,11
28067,Jones,MS,2924,68098,84
28069,Kemper,MS,326,9742,15
28071,Lafayette,MS,2504,54019,43
28073,Lamar,MS,2255,63343,38
28075,Lauderdale,MS,2478,74125,135
28077,Lawrence,MS,518,12586,14
28079,Leake,MS,1150,22786,41
28081,Lee,MS,3573,85436,80
28083,Leflore,MS,1671,28183,87
28085,Lincoln,MS,1401,34153,57
28087,Lowndes,MS,1799,58595,62
28089,Madison,MS,3831,106272,94
28091,Marion,MS,950,24573,42
28093,Marshall,MS,1431,35294,29
28095,Monroe,MS,1506,35252,73
28097,Montgomery,MS,549,9775,23
28099,Neshoba,MS,1849,29118,111
28101,Newton,MS,866,21018,27
28103,Noxubee,MS,598,10417,17
28105,Oktibbeha,MS,2024,49587,54
28107,Panola,MS,1700,34192,40
28109,Pearl River,MS,1136,55535,60
28111,Perry,MS,494,11973,23
28113,Pike,MS,1384,39288,56
28115,Pontotoc,MS,1472,32174,20
28117,Prentiss,MS,1061,25126,20
28119,Quitman,MS,420,6792,6
28121,Rankin,MS,3940,155271,86
28123,Scott,MS,1254,28124,29
28125,Sharkey,MS,285,4321,14
28127,Simpson,MS,1215,26658,49
28129,Smith,MS,594,15916,16
28131,Stone,MS,475,18336,14
28133,Sunflower,MS,1623,25110,49
28135,Tallahatchie,MS,845,13809,26
28137,Tate,MS,1168,28321,39
28139,Tippah,MS,903,22015,22
28141,Tishomingo,MS,812,19383,41
28143,Tunica,MS,535,9632,17
28145,Union,MS,1188,28815,25
28147,Walthall,MS,639,14286,27
28149,Warren,MS,1548,45381,55
28151,Washington,MS,2583,43909,99
28153,Wayne,MS,1017,20183,22
28155,Webster,MS,376,9689,13
28157,Wilkinson,MS,338,8630,20
28159,Winston,MS,841,17955,21
28161,Yalobusha,MS,545,12108,14
28163,Yazoo,MS,1222,29690,34
29001,Adair,MO,502,25343,0
29003,Andrew,MO,435,17712,8
29005,Atchison,MO,76,5143,1
29007,Audrain,MO,571,25388,11
29009,Barry,MO,800,35789,9
29011,Barton,MO,417,11754,3
29013,Bates,MO,247,16172,5
29015,Benton,MO,476,19443,5
29017,Bollinger,MO,465,12133,2
29019,Boone,MO,5938,180463,14
29021,Buchanan,MO,2943,87364,39
29023,Butler,MO,1135,42478,8
29025,Caldwell,MO,170,9020,1
29027,Callaway,MO,1178,44743,5
29029,Camden,MO,1565,46305,33
29031,Cape Girardeau,MO,2616,78871,49
29033,Carroll,MO,188,8679,3
29035,Carter,MO,172,5982,3
29037,Cass,MO,2008,105780,30
29039,Cedar,MO,228,14349,4
29041,Chariton,MO,59,7426,0
29043,Christian,MO,2240,88595,13
29045,Clark,MO,108,6797,1
29047,Clay,MO,2491,249948,49
29049,Clinton,MO,487,20387,15
29051,Cole,MO,2898,76745,22
29053,Cooper,MO,608,17709,3
29055,Crawford,MO,621,23920,8
29057,Dade,MO,136,7561,0
29059,Dallas,MO,349,16878,1
29061,Daviess,MO,221,8278,4
29063,DeKalb,MO,296,12547,2
29065,Dent,MO,246,15573,3
29067,Douglas,MO,284,13185,11
29069,Dunklin,MO,1106,29131,12
29071,Franklin,MO,2610,103967,44
29073,Gasconade,MO,250,14706,24
29075,Gentry,MO,183,6571,10
29077,Greene,MO,8866,293086,122
29079,Grundy,MO,258,9850,10
29081,Harrison,MO,187,8352,1
29083,Henry,MO,373,21824,7
29085,Hickory,MO,197,9544,3
29087,Holt,MO,114,4403,1
29089,Howard,MO,244,10001,2
29091,Howell,MO,1121,40117,10
29093,Iron,MO,98,10125,0
29095,Jackson (including other portions of Kansas City),MO,24084,703011,318
29097,Jasper,MO,5159,121328,70
29099,Jefferson,MO,5471,225081,84
29101,Johnson,MO,1474,54062,10
29103,Knox,MO,62,3959,1
29105,Laclede,MO,1178,35723,22
29107,Lafayette,MO,810,32708,24
29109,Lawrence,MO,1089,38355,20
29111,Lewis,MO,197,9776,2
29113,Lincoln,MO,1172,59013,5
29115,Linn,MO,159,11920,4
29117,Livingston,MO,556,15227,7
29119,McDonald,MO,1211,22837,11
29121,Macon,MO,205,15117,1
29123,Madison,MO,485,12088,3
29125,Maries,MO,184,8697,0
29127,Marion,MO,901,28530,14
29129,Mercer,MO,31,3617,0
29131,Miller,MO,859,25619,9
29133,Mississippi,MO,438,13180,6
29135,Moniteau,MO,612,16132,9
29137,Monroe,MO,152,8644,2
29139,Montgomery,MO,141,11551,1
29141,Morgan,MO,661,20627,7
29143,New Madrid,MO,763,17076,22
29145,Newton,MO,2008,58236,21
29147,Nodaway,MO,919,22092,11
29149,Oregon,MO,228,10529,0
29151,Osage,MO,474,13615,3
29153,Ozark,MO,206,9174,1
29155,Pemiscot,MO,718,15805,12
29157,Perry,MO,795,19136,8
29159,Pettis,MO,1579,42339,17
29161,Phelps,MO,829,44573,21
29163,Pike,MO,349,18302,8
29165,Platte,MO,976,104418,12
29167,Polk,MO,932,32149,10
29169,Pulaski,MO,963,52607,9
29171,Putnam,MO,56,4696,1
29173,Ralls,MO,202,10309,0
29175,Randolph,MO,602,24748,3
29177,Ray,MO,270,23018,2
29179,Reynolds,MO,70,6270,1
29181,Ripley,MO,261,13288,4
29183,St. Charles,MO,10568,402022,147
29185,St. Clair,MO,118,9397,1
29186,Ste. Genevieve,MO,378,17894,1
29187,St. Francois,MO,2811,67215,27
29189,St. Louis,MO,27747,994205,864
29195,Saline,MO,939,22761,10
29197,Schuyler,MO,41,4660,0
29199,Scotland,MO,72,4902,1
29201,Scott,MO,1390,38280,19
29203,Shannon,MO,230,8166,4
29205,Shelby,MO,107,5930,1
29207,Stoddard,MO,865,29025,15
29209,Stone,MO,678,31952,9
29211,Sullivan,MO,300,6089,1
29213,Taney,MO,1691,55928,33
29215,Texas,MO,581,25398,3
29217,Vernon,MO,326,20563,3
29219,Warren,MO,612,35649,1
29221,Washington,MO,659,24730,18
29223,Wayne,MO,307,12873,1
29225,Webster,MO,1135,39592,13
29227,Worth,MO,31,2013,0
29229,Wright,MO,585,18289,5
29510,City of St. Louis,MO,8052,300576,221
30001,Beaverhead,MT,263,9453,1
30003,Big Horn,MT,1331,13319,34
30005,Blaine,MT,271,6681,2
30007,Broadwater,MT,62,6237,0
30009,Carbon,MT,228,10725,0
30011,Carter,MT,53,1252,0
30013,Cascade,MT,1706,81366,6
30015,Chouteau,MT,84,5635,0
30017,Custer,MT,252,11402,3
30019,Daniels,MT,27,1690,1
30021,Dawson,MT,210,8613,3
30023,Deer Lodge,MT,394,9140,1
30025,Fallon,MT,47,2846,0
30027,Fergus,MT,194,11050,2
30029,Flathead,MT,2952,103806,26
30031,Gallatin,MT,2726,114434,6
30033,Garfield,MT,31,1258,0
30035,Glacier,MT,847,13753,10
30037,Golden Valley,MT,13,821,0
30039,Granite,MT,59,3379,0
30041,Hill,MT,685,16484,19
30043,Jefferson,MT,141,12221,0
30045,Judith Basin,MT,16,2007,0
30047,Lake,MT,495,30458,2
30049,Lewis and Clark,MT,810,69432,5
30051,Liberty,MT,28,2337,0
30053,Lincoln,MT,279,19980,3
30055,McCone,MT,61,1664,0
30057,Madison,MT,157,8600,1
30059,Meagher,MT,65,1862,3
30061,Mineral,MT,15,4397,0
30063,Missoula,MT,1957,119600,9
30065,Musselshell,MT,92,4633,1
30067,Park,MT,220,16606,0
30069,Petroleum,MT,3,487,0
30071,Phillips,MT,159,3954,0
30073,Pondera,MT,146,5911,1
30075,Powder River,MT,54,1682,5
30077,Powell,MT,89,6890,0
30079,Prairie,MT,32,1077,0
30081,Ravalli,MT,412,43806,4
30083,Richland,MT,243,10803,5
30085,Roosevelt,MT,897,11004,19
30087,Rosebud,MT,743,8937,21
30089,Sanders,MT,89,12113,2
30091,Sheridan,MT,63,3309,0
30093,Silver Bow,MT,534,34915,0
30095,Stillwater,MT,201,9642,3
30097,Sweet Grass,MT,71,3737,2
30099,Teton,MT,84,6147,0
30101,Toole,MT,307,4736,6
30103,Treasure,MT,18,696,1
30105,Valley,MT,320,7396,2
30107,Wheatland,MT,61,2126,2
30109,Wibaux,MT,40,969,0
30111,Yellowstone,MT,5805,161300,83
31001,Adams,NE,808,31363,15
31003,Antelope,NE,155,6298,1
31005,Arthur,NE,4,463,0
31007,Banner,NE,4,745,0
31009,Blaine,NE,2,465,0
31011,Boone,NE,140,5192,0
31013,Box Butte,NE,225,10783,1
31015,Boyd,NE,65,1919,0
31017,Brown,NE,69,2955,0
31019,Buffalo,NE,1763,49659,14
31021,Burt,NE,115,6459,1
31023,Butler,NE,256,8016,2
31025,Cass,NE,516,26248,4
31027,Cedar,NE,138,8402,0
31029,Chase,NE,142,3924,0
31031,Cherry,NE,68,5689,4
31033,Cheyenne,NE,84,8910,1
31035,Clay,NE,159,6203,1
31037,Colfax,NE,895,10709,7
31039,Cuming,NE,280,8846,1
31041,Custer,NE,209,10777,4
31043,Dakota,NE,2515,20026,44
31045,Dawes,NE,222,8589,1
31047,Dawson,NE,1261,23595,15
31049,Deuel,NE,8,1794,0
31051,Dixon,NE,159,5636,2
31053,Dodge,NE,1576,36565,17
31055,Douglas,NE,21439,571327,217
31057,Dundy,NE,19,1693,1
31059,Fillmore,NE,93,5462,1
31061,Franklin,NE,89,2979,0
31063,Frontier,NE,36,2627,0
31065,Furnas,NE,90,4676,3
31067,Gage,NE,521,21513,5
31069,Garden,NE,19,1837,0
31071,Garfield,NE,25,1969,0
31073,Gosper,NE,59,1990,0
31075,Grant,NE,4,623,0
31077,Greeley,NE,47,2356,0
31079,Hall,NE,2556,61353,49
31081,Hamilton,NE,228,9324,12
31083,Harlan,NE,53,3380,0
31085,Hayes,NE,20,922,0
31087,Hitchcock,NE,39,2762,0
31089,Holt,NE,270,10067,3
31091,Hooker,NE,21,682,1
31093,Howard,NE,135,6445,5
31095,Jefferson,NE,82,7046,0
31097,Johnson,NE,100,5071,0
31099,Kearney,NE,254,6495,0
31101,Keith,NE,97,8034,0
31103,Keya Paha,NE,9,806,0
31105,Kimball,NE,45,3632,0
31107,Knox,NE,253,8332,1
31109,Lancaster,NE,8656,319090,42
31111,Lincoln,NE,812,34914,7
31113,Logan,NE,10,748,0
31115,Loup,NE,7,664,0
31117,McPherson,NE,10,494,0
31119,Madison,NE,1198,35099,9
31121,Merrick,NE,132,7755,1
31123,Morrill,NE,104,4642,0
31125,Nance,NE,81,3519,0
31127,Nemaha,NE,164,6972,0
31129,Nuckolls,NE,87,4148,0
31131,Otoe,NE,288,16012,1
31133,Pawnee,NE,28,2613,0
31135,Perkins,NE,43,2891,10
31137,Phelps,NE,285,9034,0
31139,Pierce,NE,185,7148,8
31141,Platte,NE,1512,33470,7
31143,Polk,NE,188,5213,3
31145,Red Willow,NE,201,10724,0
31147,Richardson,NE,95,7865,2
31149,Rock,NE,55,1357,1
31151,Saline,NE,902,14224,2
31153,Sarpy,NE,5547,187196,36
31155,Saunders,NE,656,21578,4
31157,Scotts Bluff,NE,682,35618,8
31159,Seward,NE,347,17284,3
31161,Sheridan,NE,119,5246,0
31163,Sherman,NE,39,3001,3
31165,Sioux,NE,12,1166,0
31167,Stanton,NE,68,5920,0
31169,Thayer,NE,60,5003,0
31171,Thomas,NE,11,722,0
31173,Thurston,NE,317,7224,4
31175,Valley,NE,80,4158,1
31177,Washington,NE,462,20729,7
31179,Wayne,NE,314,9385,1
31181,Webster,NE,112,3487,0
31183,Wheeler,NE,3,783,0
31185,York,NE,463,13679,2
32001,Churchill,NV,203,24909,4
32003,Clark,NV,78162,2266715,1491
32005,Douglas,NV,392,48905,1
32007,Elko,NV,1328,52778,12
32009,Esmeralda,NV,0,873,0
32011,Eureka,NV,11,2029,0
32013,Humboldt,NV,167,16831,4
32015,Lander,NV,102,5532,4
32017,Lincoln,NV,44,5183,0
32019,Lyon,NV,581,57510,12
32021,Mineral,NV,18,4505,0
32023,Nye,NV,628,46523,16
32027,Pershing,NV,24,6725,0
32029,Storey,NV,22,4123,0
32031,Washoe,NV,12304,471519,190
32033,White Pine,NV,118,9580,1
32510,Carson City,NV,626,55916,8
33001,Belknap,NH,218,61303,5
33003,Carroll,NH,140,48910,2
33005,Cheshire,NH,181,76085,3
33007,Coos,NH,37,31563,0
33009,Grafton,NH,194,89886,1
33011,Hillsborough,NH,5333,417025,315
33013,Merrimack,NH,842,151391,27
33015,Rockingham,NH,2511,309769,105
33017,Strafford,NH,691,130633,14
33019,Sullivan,NH,75,43146,1
34001,Atlantic,NJ,4945,263670,264
34003,Bergen,NJ,24408,932202,2057
34005,Burlington,NJ,8160,445349,509
34007,Camden,NJ,11239,506471,627
34009,Cape May,NJ,1092,92039,100
34011,Cumberland,NJ,3955,149527,162
34013,Essex,NJ,23609,798975,2140
34015,Gloucester,NJ,5381,291636,242
34017,Hudson,NJ,22432,672391,1526
34019,Hunterdon,NJ,1525,124371,126
34021,Mercer,NJ,9116,367430,640
34023,Middlesex,NJ,21578,825062,1444
34025,Monmouth,NJ,13692,618795,870
34027,Morris,NJ,8785,491845,834
34029,Ocean,NJ,16433,607186,1063
34031,Passaic,NJ,20362,501826,1261
34033,Salem,NJ,1157,62385,88
34035,Somerset,NJ,6305,328934,592
34037,Sussex,NJ,1663,140488,197
34039,Union,NJ,19449,556341,1368
34041,Warren,NJ,1541,105267,171
35001,Bernalillo,NM,10130,679121,192
35003,Catron,NM,9,3527,1
35005,Chaves,NM,1921,64615,19
35006,Cibola,NM,553,26675,21
35007,Colfax,NM,44,11941,1
35009,Curry,NM,1471,48954,10
35011,De Baca,NM,1,1748,0
35013,Dona Ana,NM,5421,218195,67
35015,Eddy,NM,1359,58460,22
35017,Grant,NM,183,26998,3
35019,Guadalupe,NM,41,4300,1
35021,Harding,NM,1,625,0
35023,Hidalgo,NM,113,4198,2
35025,Lea,NM,2017,71070,28
35027,Lincoln,NM,357,19572,5
35028,Los Alamos,NM,42,19369,0
35029,Luna,NM,760,23709,11
35031,McKinley,NM,4571,71367,261
35033,Mora,NM,14,4521,0
35035,Otero,NM,471,67490,13
35037,Quay,NM,99,8253,2
35039,Rio Arriba,NM,480,38921,15
35041,Roosevelt,NM,438,18500,7
35043,Sandoval,NM,1904,146748,46
35045,San Juan,NM,3719,123958,204
35047,San Miguel,NM,162,27277,0
35049,Santa Fe,NM,1594,150358,13
35051,Sierra,NM,96,10791,1
35053,Socorro,NM,212,16637,9
35055,Taos,NM,201,32723,4
35057,Torrance,NM,98,15461,1
35059,Union,NM,39,4059,2
35061,Valencia,NM,891,76688,4
36001,Albany,NY,3549,305506,127
36003,Allegany,NY,269,46091,9
36005,Bronx,NY,54892,1418207,4985
36007,Broome,NY,3330,190488,90
36009,Cattaraugus,NY,455,76117,17
36011,Cayuga,NY,352,76576,3
36013,Chautauqua,NY,877,126903,4
36015,Chemung,NY,1544,83456,11
36017,Chenango,NY,365,47207,6
36019,Clinton,NY,236,80485,5
36021,Columbia,NY,669,59461,48
36023,Cortland,NY,496,47581,1
36025,Delaware,NY,168,44135,5
36027,Dutchess,NY,5421,294218,165
36029,Erie,NY,12782,918702,647
36031,Essex,NY,196,36885,14
36033,Franklin,NY,79,50022,1
36035,Fulton,NY,361,53383,28
36037,Genesee,NY,379,57280,6
36039,Greene,NY,489,47188,15
36041,Hamilton,NY,16,4416,1
36043,Herkimer,NY,384,61319,10
36045,Jefferson,NY,199,109834,1
36047,Kings,NY,74339,2559903,7382
36049,Lewis,NY,92,26296,5
36051,Livingston,NY,272,62914,6
36053,Madison,NY,557,70941,9
36055,Monroe,NY,7070,741770,261
36057,Montgomery,NY,261,49221,9
36059,Nassau,NY,49203,1356924,2208
36061,New York,NY,35610,1628706,3192
36063,Niagara,NY,2032,209281,90
36065,Oneida,NY,2670,228671,126
36067,Onondaga,NY,5277,460528,184
36069,Ontario,NY,635,109777,29
36071,Orange,NY,13413,384940,419
36073,Orleans,NY,385,40352,55
36075,Oswego,NY,609,117124,4
36077,Otsego,NY,384,59493,4
36079,Putnam,NY,1788,98320,63
36081,Queens,NY,76057,2253858,7290
36083,Rensselaer,NY,1073,158714,42
36085,Richmond,NY,17004,476143,1094
36087,Rockland,NY,17635,325789,512
36089,St. Lawrence,NY,382,107740,4
36091,Saratoga,NY,1295,229863,15
36093,Schenectady,NY,1539,155299,48
36095,Schoharie,NY,107,30999,2
36097,Schuyler,NY,115,17807,2
36099,Seneca,NY,140,34016,2
36101,Steuben,NY,951,95379,69
36103,Suffolk,NY,48562,1476601,2019
36105,Sullivan,NY,1725,75432,37
36107,Tioga,NY,549,48203,25
36109,Tompkins,NY,593,102180,0
36111,Ulster,NY,2459,177573,84
36113,Warren,NY,448,63944,30
36115,Washington,NY,330,61204,14
36117,Wayne,NY,432,89918,3
36119,Westchester,NY,40041,967506,1470
36121,Wyoming,NY,179,39859,5
36123,Yates,NY,111,24913,6
37001,Alamance,NC,4875,169509,72
37003,Alexander,NC,736,37497,9
37005,Alleghany,NC,270,11137,1
37007,Anson,NC,703,24446,8
37009,Ashe,NC,394,27203,1
37011,Avery,NC,583,17557,0
37013,Beaufort,NC,1276,46994,35
37015,Bertie,NC,699,18947,16
37017,Bladen,NC,1050,32722,19
37019,Brunswick,NC,2056,142820,35
37021,Buncombe,NC,3829,261191,98
37023,Burke,NC,2522,90485,46
37025,Cabarrus,NC,4665,216453,86
37027,Caldwell,NC,2237,82178,19
37029,Camden,NC,133,10867,3
37031,Carteret,NC,1012,69473,5
37033,Caswell,NC,581,22604,5
37035,Catawba,NC,4045,159551,59
37037,Chatham,NC,1878,74470,60
37039,Cherokee,NC,740,28612,12
37041,Chowan,NC,511,13943,10
37043,Clay,NC,193,11231,3
37045,Cleveland,NC,2934,97947,76
37047,Columbus,NC,1599,55508,59
37049,Craven,NC,2174,102139,55
37051,Cumberland,NC,6634,335509,91
37053,Currituck,NC,219,27763,4
37055,Dare,NC,345,37009,3
37057,Davidson,NC,3506,167609,42
37059,Davie,NC,718,42846,6
37061,Duplin,NC,2675,58741,54
37063,Durham,NC,8673,321488,98
37065,Edgecombe,NC,1825,51472,52
37067,Forsyth,NC,8282,382295,114
37069,Franklin,NC,1387,69685,31
37071,Gaston,NC,6847,224529,104
37073,Gates,NC,162,11562,3
37075,Graham,NC,235,8441,7
37077,Granville,NC,1933,60443,50
37079,Greene,NC,888,21069,12
37081,Guilford,NC,10698,537174,195
37083,Halifax,NC,1296,50010,25
37085,Harnett,NC,2754,135976,68
37087,Haywood,NC,693,62317,36
37089,Henderson,NC,2374,117417,64
37091,Hertford,NC,844,23677,34
37093,Hoke,NC,1469,55234,24
37095,Hyde,NC,174,4937,5
37097,Iredell,NC,3611,181806,34
37099,Jackson,NC,898,43938,7
37101,Johnston,NC,5242,209339,60
37103,Jones,NC,174,9419,15
37105,Lee,NC,1980,61779,16
37107,Lenoir,NC,1317,55949,37
37109,Lincoln,NC,2196,86111,16
37111,McDowell,NC,1241,45756,31
37113,Macon,NC,708,35858,7
37115,Madison,NC,159,21755,1
37117,Martin,NC,606,22440,16
37119,Mecklenburg,NC,32226,1110356,376
37121,Mitchell,NC,195,14964,4
37123,Montgomery,NC,1159,27173,38
37125,Moore,NC,2144,100880,38
37127,Nash,NC,3159,94298,62
37129,New Hanover,NC,4964,234473,37
37131,Northampton,NC,527,19483,18
37133,Onslow,NC,2999,197938,26
37135,Orange,NC,2987,148476,58
37137,Pamlico,NC,299,12726,2
37139,Pasquotank,NC,829,39824,33
37141,Pender,NC,1229,63060,8
37143,Perquimans,NC,235,13463,4
37145,Person,NC,598,39490,9
37147,Pitt,NC,5886,180742,35
37149,Polk,NC,383,20724,11
37151,Randolph,NC,3533,143667,60
37153,Richmond,NC,1363,44829,24
37155,Robeson,NC,5689,130625,87
37157,Rockingham,NC,1783,91010,17
37159,Rowan,NC,3961,142088,110
37161,Rutherford,NC,1656,67029,47
37163,Sampson,NC,2570,63531,28
37165,Scotland,NC,1555,34823,22
37167,Stanly,NC,2377,62806,57
37169,Stokes,NC,634,45591,8
37171,Surry,NC,1679,71783,26
37173,Swain,NC,227,14271,3
37175,Transylvania,NC,394,34385,9
37177,Tyrrell,NC,127,4016,3
37179,Union,NC,5680,239859,62
37181,Vance,NC,1158,44535,46
37183,Wake,NC,20166,1111761,266
37185,Warren,NC,404,19731,7
37187,Washington,NC,239,11580,8
37189,Watauga,NC,1321,56177,2
37191,Wayne,NC,4236,123131,79
37193,Wilkes,NC,1577,68412,37
37195,Wilson,NC,2754,81801,62
37197,Yadkin,NC,924,37667,9
37199,Yancey,NC,273,18069,0
38001,Adams,ND,73,2216,0
38003,Barnes,ND,343,10415,1
38005,Benson,ND,503,6832,8
38007,Billings,ND,33,928,0
38009,Bottineau,ND,246,6282,16
38011,Bowman,ND,118,3024,2
38013,Burke,ND,61,2115,1
38015,Burleigh,ND,6284,95626,75
38017,Cass,ND,8480,181923,83
38019,Cavalier,ND,71,3762,1
38021,Dickey,ND,253,4872,1
38023,Divide,ND,47,2264,1
38025,Dunn,ND,199,4424,5
38027,Eddy,ND,187,2287,3
38029,Emmons,ND,275,3241,8
38031,Foster,ND,166,3210,2
38033,Golden Valley,ND,112,1761,0
38035,Grand Forks,ND,3684,69451,18
38037,Grant,ND,66,2274,3
38039,Griggs,ND,81,2231,1
38041,Hettinger,ND,129,2499,2
38043,Kidder,ND,91,2480,2
38045,LaMoure,ND,192,4046,5
38047,Logan,ND,126,1850,0
38049,McHenry,ND,173,5745,12
38051,McIntosh,ND,166,2497,4
38053,McKenzie,ND,493,15024,4
38055,McLean,ND,541,9450,9
38057,Mercer,ND,453,8187,3
38059,Morton,ND,2143,31364,50
38061,Mountrail,ND,494,10545,6
38063,Nelson,ND,157,2879,3
38065,Oliver,ND,74,1959,1
38067,Pembina,ND,193,6801,0
38069,Pierce,ND,78,3975,1
38071,Ramsey,ND,465,11519,4
38073,Ransom,ND,166,5218,0
38075,Renville,ND,101,2327,2
38077,Richland,ND,435,16177,3
38079,Rolette,ND,336,14176,8
38081,Sargent,ND,126,3898,2
38083,Sheridan,ND,40,1315,1
38085,Sioux,ND,243,4230,4
38087,Slope,ND,13,750,0
38089,Stark,ND,2294,31489,34
38091,Steele,ND,40,1890,0
38093,Stutsman,ND,810,20704,6
38095,Towner,ND,89,2189,2
38097,Traill,ND,243,8036,3
38099,Walsh,ND,412,10641,2
38101,Ward,ND,2413,67641,33
38103,Wells,ND,115,3834,0
38105,Williams,ND,1748,37589,13
39001,Adams,OH,214,27698,6
39003,Allen,OH,2239,102351,73
39005,Ashland,OH,420,53484,9
39007,Ashtabula,OH,740,97241,48
39009,Athens,OH,1259,65327,2
39011,Auglaize,OH,1054,45656,18
39013,Belmont,OH,800,67006,27
39015,Brown,OH,398,43432,3
39017,Butler,OH,8557,383134,131
39019,Carroll,OH,217,26914,7
39021,Champaign,OH,413,38885,3
39023,Clark,OH,2565,134083,57
39025,Clermont,OH,2550,206428,38
39027,Clinton,OH,493,41968,13
39029,Columbiana,OH,2146,101883,88
39031,Coshocton,OH,330,36600,12
39033,Crawford,OH,503,41494,8
39035,Cuyahoga,OH,20088,1235072,685
39037,Darke,OH,1167,51113,51
39039,Defiance,OH,481,38087,13
39041,Delaware,OH,2937,209177,27
39043,Erie,OH,1178,74266,53
39045,Fairfield,OH,2767,157574,57
39047,Fayette,OH,458,28525,10
39049,Franklin,OH,31999,1316756,642
39051,Fulton,OH,550,42126,14
39053,Gallia,OH,300,29898,13
39055,Geauga,OH,879,93649,50
39057,Greene,OH,2395,168937,42
39059,Guernsey,OH,345,38875,8
39061,Hamilton,OH,17147,817473,344
39063,Hancock,OH,1078,75783,26
39065,Hardin,OH,357,31365,13
39067,Harrison,OH,85,15040,3
39069,Henry,OH,498,27006,17
39071,Highland,OH,459,43161,6
39073,Hocking,OH,204,28264,9
39075,Holmes,OH,677,43960,10
39077,Huron,OH,719,58266,15
39079,Jackson,OH,478,32413,8
39081,Jefferson,OH,485,65325,4
39083,Knox,OH,403,62322,16
39085,Lake,OH,1994,230149,59
39087,Lawrence,OH,951,59463,25
39089,Licking,OH,2674,176862,67
39091,Logan,OH,442,45672,3
39093,Lorain,OH,2789,309833,89
39095,Lucas,OH,8454,428348,375
39097,Madison,OH,1070,44731,15
39099,Mahoning,OH,3779,228683,287
39101,Marion,OH,3427,65093,50
39103,Medina,OH,1924,179746,42
39105,Meigs,OH,210,22907,12
39107,Mercer,OH,1582,41172,28
39109,Miami,OH,2072,106987,58
39111,Monroe,OH,167,13654,18
39113,Montgomery,OH,10686,531687,189
39115,Morgan,OH,82,14508,0
39117,Morrow,OH,366,35328,2
39119,Muskingum,OH,926,86215,4
39121,Noble,OH,155,14424,0
39123,Ottawa,OH,600,40525,30
39125,Paulding,OH,227,18672,2
39127,Perry,OH,380,36134,11
39129,Pickaway,OH,3043,58457,46
39131,Pike,OH,324,27772,0
39133,Portage,OH,1687,162466,68
39135,Preble,OH,647,40882,18
39137,Putnam,OH,1066,33861,28
39139,Richland,OH,1385,121154,24
39141,Ross,OH,1442,76666,39
39143,Sandusky,OH,723,58518,22
39145,Scioto,OH,890,75314,9
39147,Seneca,OH,620,55178,14
39149,Shelby,OH,950,48590,14
39151,Stark,OH,3929,370606,182
39153,Summit,OH,6846,541013,266
39155,Trumbull,OH,2334,197974,134
39157,Tuscarawas,OH,1346,91987,27
39159,Union,OH,782,58988,3
39161,Van Wert,OH,282,28275,5
39163,Vinton,OH,106,13085,3
39165,Warren,OH,4359,234602,66
39167,Washington,OH,357,59911,24
39169,Wayne,OH,1484,115710,71
39171,Williams,OH,350,36692,4
39173,Wood,OH,2563,130817,81
39175,Wyandot,OH,302,21772,13
40001,Adair,OK,783,22194,11
40003,Alfalfa,OK,117,5702,0
40005,Atoka,OK,432,13758,1
40007,Beaver,OK,88,5311,1
40009,Beckham,OK,888,21859,11
40011,Blaine,OK,209,9429,1
40013,Bryan,OK,1492,47995,11
40015,Caddo,OK,1135,28762,26
40017,Canadian,OK,3813,148306,23
40019,Carter,OK,822,48111,10
40021,Cherokee,OK,1374,48657,8
40023,Choctaw,OK,444,14672,2
40025,Cimarron,OK,37,2137,0
40027,Cleveland,OK,8218,284014,89
40029,Coal,OK,94,5495,0
40031,Comanche,OK,2317,120749,17
40033,Cotton,OK,97,5666,3
40035,Craig,OK,614,14142,2
40037,Creek,OK,1546,71522,37
40039,Custer,OK,1081,29003,4
40041,Delaware,OK,1225,43009,27
40043,Dewey,OK,93,4891,1
40045,Ellis,OK,21,3859,0
40047,Garfield,OK,2389,61056,26
40049,Garvin,OK,632,27711,6
40051,Grady,OK,1598,55834,16
40053,Grant,OK,99,4333,1
40055,Greer,OK,151,5712,8
40057,Harmon,OK,68,2653,0
40059,Harper,OK,66,3688,1
40061,Haskell,OK,375,12627,5
40063,Hughes,OK,390,13279,4
40065,Jackson,OK,1112,24530,13
40067,Jefferson,OK,76,6002,0
40069,Johnston,OK,286,11085,4
40071,Kay,OK,863,43538,16
40073,Kingfisher,OK,540,15765,3
40075,Kiowa,OK,172,8708,2
40077,Latimer,OK,207,10073,2
40079,Le Flore,OK,1630,49853,22
40081,Lincoln,OK,773,34877,21
40083,Logan,OK,837,48011,2
40085,Love,OK,267,10253,1
40087,McClain,OK,1290,40474,9
40089,McCurtain,OK,1614,32832,39
40091,McIntosh,OK,503,19596,10
40093,Major,OK,168,7629,2
40095,Marshall,OK,267,16931,2
40097,Mayes,OK,968,41100,13
40099,Murray,OK,293,14073,2
40101,Muskogee,OK,2311,67997,28
40103,Noble,OK,175,11131,3
40105,Nowata,OK,248,10076,4
40107,Okfuskee,OK,541,11993,6
40109,Oklahoma,OK,23285,797434,226
40111,Okmulgee,OK,1209,38465,8
40113,Osage,OK,1372,46963,13
40115,Ottawa,OK,1222,31127,9
40117,Pawnee,OK,331,16376,5
40119,Payne,OK,2784,81784,12
40121,Pittsburg,OK,1235,43654,20
40123,Pontotoc,OK,754,38284,4
40125,Pottawatomie,OK,2093,72592,14
40127,Pushmataha,OK,263,11096,5
40129,Roger Mills,OK,89,3583,4
40131,Rogers,OK,2411,92459,54
40133,Seminole,OK,768,24258,6
40135,Sequoyah,OK,1228,41569,13
40137,Stephens,OK,696,43143,8
40139,Texas,OK,1778,19983,10
40141,Tillman,OK,146,7250,3
40143,Tulsa,OK,21413,651552,200
40145,Wagoner,OK,1871,81289,29
40147,Washington,OK,1293,51527,41
40149,Washita,OK,177,10916,0
40151,Woods,OK,174,8793,0
40153,Woodward,OK,1236,20211,5
41001,Baker,OR,114,16124,3
41003,Benton,OR,436,93053,6
41005,Clackamas,OR,3081,418187,65
41007,Clatsop,OR,241,40224,0
41009,Columbia,OR,256,52354,1
41011,Coos,OR,236,64487,0
41013,Crook,OR,103,24404,2
41015,Curry,OR,57,22925,1
41017,Deschutes,OR,1110,197692,13
41019,Douglas,OR,345,110980,5
41021,Gilliam,OR,11,1912,0
41023,Grant,OR,11,7199,0
41025,Harney,OR,23,7393,0
41027,Hood River,OR,277,23382,1
41029,Jackson,OR,1650,220944,6
41031,Jefferson,OR,603,24658,9
41033,Josephine,OR,263,87487,3
41035,Klamath,OR,408,68238,3
41037,Lake,OR,34,7869,0
41039,Lane,OR,2326,382067,27
41041,Lincoln,OR,515,49962,13
41043,Linn,OR,788,129749,15
41045,Malheur,OR,1909,30571,38
41047,Marion,OR,5733,347818,108
41049,Morrow,OR,543,11603,6
41051,Multnomah,OR,9055,812855,160
41053,Polk,OR,648,86085,15
41055,Sherman,OR,18,1780,0
41057,Tillamook,OR,70,27036,0
41059,Umatilla,OR,3344,77950,44
41061,Union,OR,465,26835,2
41063,Wallowa,OR,42,7208,2
41065,Wasco,OR,347,26682,15
41067,Washington,OR,5681,601592,75
41069,Wheeler,OR,1,1332,0
41071,Yamhill,OR,985,107100,15
42001,Adams,PA,1070,103009,27
42003,Allegheny,PA,14818,1216045,405
42005,Armstrong,PA,638,64735,20
42007,Beaver,PA,2236,163929,140
42009,Bedford,PA,378,47888,6
42011,Berks,PA,8815,421164,419
42013,Blair,PA,1145,121829,27
42015,Bradford,PA,633,60323,10
42017,Bucks,PA,9942,628270,625
42019,Butler,PA,1579,187853,27
42021,Cambria,PA,1014,130192,7
42023,Cameron,PA,8,4447,0
42025,Carbon,PA,567,64182,29
42027,Centre,PA,3989,162385,16
42029,Chester,PA,7832,524989,375
42031,Clarion,PA,203,38438,4
42033,Clearfield,PA,434,79255,7
42035,Clinton,PA,253,38632,6
42037,Columbia,PA,1044,64964,41
42039,Crawford,PA,449,84629,3
42041,Cumberland,PA,2357,253370,79
42043,Dauphin,PA,4606,278299,192
42045,Delaware,PA,13090,566747,768
42047,Elk,PA,151,29910,2
42049,Erie,PA,1981,269728,40
42051,Fayette,PA,988,129274,14
42053,Forest,PA,18,7247,1
42055,Franklin,PA,2099,155027,54
42057,Fulton,PA,67,14530,3
42059,Greene,PA,222,36233,1
42061,Huntingdon,PA,854,45144,15
42063,Indiana,PA,1051,84073,16
42065,Jefferson,PA,162,43425,4
42067,Juniata,PA,225,24763,8
42069,Lackawanna,PA,3570,209674,218
42071,Lancaster,PA,9279,545724,474
42073,Lawrence,PA,820,85512,34
42075,Lebanon,PA,2808,141793,66
42077,Lehigh,PA,6376,369318,365
42079,Luzerne,PA,5052,317417,196
42081,Lycoming,PA,928,113299,31
42083,McKean,PA,118,40625,2
42085,Mercer,PA,984,109424,25
42087,Mifflin,PA,360,46138,3
42089,Monroe,PA,1983,170271,135
42091,Montgomery,PA,13523,830915,893
42093,Montour,PA,292,18230,9
42095,Northampton,PA,5232,305285,311
42097,Northumberland,PA,1484,90843,110
42099,Perry,PA,351,46272,6
42101,Philadelphia,PA,37225,1584064,1874
42103,Pike,PA,616,55809,23
42105,Potter,PA,48,16526,1
42107,Schuylkill,PA,1847,141359,86
42109,Snyder,PA,470,40372,17
42111,Somerset,PA,372,73447,3
42113,Sullivan,PA,18,6066,1
42115,Susquehanna,PA,393,40328,28
42117,Tioga,PA,188,40591,3
42119,Union,PA,678,44923,11
42121,Venango,PA,211,50668,1
42123,Warren,PA,62,39191,1
42125,Washington,PA,1847,206865,34
42127,Wayne,PA,283,51361,12
42129,Westmoreland,PA,3972,348899,81
42131,Wyoming,PA,111,26794,8
42133,York,PA,6203,449058,201
44001,Bristol,RI,498,48479,18
44003,Kent,RI,2287,164292,116
44005,Newport,RI,631,82082,5
44007,Providence,RI,21543,638931,929
44009,Washington,RI,1235,125577,71
45001,Abbeville,SC,739,24527,15
45003,Aiken,SC,4907,170872,86
45005,Allendale,SC,425,8688,6
45007,Anderson,SC,5486,202558,201
45009,Bamberg,SC,686,14066,35
45011,Barnwell,SC,860,20866,25
45013,Beaufort,SC,6072,192122,91
45015,Berkeley,SC,6023,227907,93
45017,Calhoun,SC,509,14553,17
45019,Charleston,SC,16982,411406,275
45021,Cherokee,SC,1438,57300,52
45023,Chester,SC,1203,32244,27
45025,Chesterfield,SC,1466,45650,43
45027,Clarendon,SC,1155,33745,68
45029,Colleton,SC,1231,37677,48
45031,Darlington,SC,2430,66618,67
45033,Dillon,SC,1281,30479,48
45035,Dorchester,SC,4729,162809,100
45037,Edgefield,SC,902,27260,21
45039,Fairfield,SC,857,22347,38
45041,Florence,SC,5487,138293,200
45043,Georgetown,SC,2287,62680,53
45045,Greenville,SC,17009,523542,340
45047,Greenwood,SC,2497,70811,75
45049,Hampton,SC,756,19222,31
45051,Horry,SC,12217,354081,223
45053,Jasper,SC,906,30073,23
45055,Kershaw,SC,2423,66551,44
45057,Lancaster,SC,2506,98012,61
45059,Laurens,SC,1875,67493,60
45061,Lee,SC,778,16828,36
45063,Lexington,SC,8722,298750,203
45065,McCormick,SC,267,9463,7
45067,Marion,SC,1104,30657,40
45069,Marlboro,SC,1108,26118,12
45071,Newberry,SC,1591,38440,44
45073,Oconee,SC,2401,79546,33
45075,Orangeburg,SC,3314,86175,130
45077,Pickens,SC,4214,126884,59
45079,Richland,SC,16990,415759,266
45081,Saluda,SC,714,20473,22
45083,Spartanburg,SC,8648,319785,220
45085,Sumter,SC,3494,106721,88
45087,Union,SC,724,27316,16
45089,Williamsburg,SC,1424,30368,49
45091,York,SC,6504,280979,102
46003,Aurora,SD,164,2751,0
46005,Beadle,SD,1181,18453,13
46007,Bennett,SD,154,3365,5
46009,Bon Homme,SD,493,6901,1
46011,Brookings,SD,1344,35077,4
46013,Brown,SD,1909,38839,4
46015,Brule,SD,254,5297,2
46017,Buffalo,SD,222,1962,4
46019,Butte,SD,293,10429,3
46021,Campbell,SD,73,1376,0
46023,Charles Mix,SD,360,9292,0
46025,Clark,SD,97,3736,0
46027,Clay,SD,757,14070,8
46029,Codington,SD,1387,28009,10
46031,Corson,SD,156,4086,1
46033,Custer,SD,298,8972,3
46035,Davison,SD,824,19775,5
46037,Day,SD,148,5424,2
46039,Deuel,SD,172,4351,0
46041,Dewey,SD,291,5892,0
46043,Douglas,SD,157,2921,4
46045,Edmunds,SD,133,3829,1
46047,Fall River,SD,185,6713,6
46049,Faulk,SD,195,2299,1
46051,Grant,SD,284,7052,2
46053,Gregory,SD,204,4185,10
46055,Haakon,SD,79,1899,1
46057,Hamlin,SD,179,6164,0
46059,Hand,SD,108,3191,1
46061,Hanson,SD,80,3453,1
46063,Harding,SD,44,1298,0
46065,Hughes,SD,811,17526,5
46067,Hutchinson,SD,210,7291,2
46069,Hyde,SD,37,1301,0
46071,Jackson,SD,105,3344,1
46073,Jerauld,SD,155,2013,11
46075,Jones,SD,31,903,0
46077,Kingsbury,SD,162,4939,2
46079,Lake,SD,339,12797,8
46081,Lawrence,SD,814,25844,6
46083,Lincoln,SD,2526,61128,18
46085,Lyman,SD,234,3781,5
46087,McCook,SD,213,5586,1
46089,McPherson,SD,63,2379,0
46091,Marshall,SD,62,4935,1
46093,Meade,SD,885,28332,10
46095,Mellette,SD,65,2061,1
46097,Miner,SD,136,2216,1
46099,Minnehaha,SD,10204,193134,105
46101,Moody,SD,194,6576,2
46102,Oglala Lakota,SD,797,14177,5
46103,Pennington,SD,4042,113775,49
46105,Perkins,SD,73,2865,0
46107,Potter,SD,98,2153,0
46109,Roberts,SD,322,10394,4
46111,Sanborn,SD,84,2344,0
46115,Spink,SD,244,6376,1
46117,Stanley,SD,87,3098,0
46119,Sully,SD,40,1391,0
46121,Todd,SD,400,10177,6
46123,Tripp,SD,252,5441,2
46125,Turner,SD,436,8384,9
46127,Union,SD,708,15932,11
46129,Walworth,SD,262,5435,2
46135,Yankton,SD,739,22814,5
46137,Ziebach,SD,86,2756,1
47001,Anderson,TN,1666,76978,14
47003,Bedford,TN,1681,49713,20
47005,Benton,TN,413,16160,9
47007,Bledsoe,TN,1011,15064,4
47009,Blount,TN,3309,133088,36
47011,Bradley,TN,3558,108110,23
47013,Campbell,TN,1000,39842,11
47015,Cannon,TN,408,14678,2
47017,Carroll,TN,1130,27767,25
47019,Carter,TN,1529,56391,32
47021,Cheatham,TN,1041,40667,11
47023,Chester,TN,725,17297,14
47025,Claiborne,TN,518,31959,6
47027,Clay,TN,401,7615,13
47029,Cocke,TN,1035,36004,14
47031,Coffee,TN,1853,56520,23
47033,Crockett,TN,833,14230,20
47035,Cumberland,TN,1595,60520,25
47037,Davidson,TN,31206,694144,336
47039,Decatur,TN,655,11663,11
47041,DeKalb,TN,725,20490,17
47043,Dickson,TN,1648,53948,19
47045,Dyer,TN,2189,37159,30
47047,Fayette,TN,1667,41133,23
47049,Fentress,TN,908,18523,11
47051,Franklin,TN,1278,42208,19
47053,Gibson,TN,2130,49133,43
47055,Giles,TN,951,29464,35
47057,Grainger,TN,603,23320,4
47059,Greene,TN,1684,69069,51
47061,Grundy,TN,553,13427,11
47063,Hamblen,TN,2445,64934,48
47065,Hamilton,TN,11618,367804,108
47067,Hancock,TN,117,6620,3
47069,Hardeman,TN,1864,25050,33
47071,Hardin,TN,1379,25652,19
47073,Hawkins,TN,1188,56786,25
47075,Haywood,TN,1272,17304,27
47077,Henderson,TN,1402,28117,26
47079,Henry,TN,781,32345,10
47081,Hickman,TN,779,25178,15
47083,Houston,TN,409,8201,17
47085,Humphreys,TN,440,18582,4
47087,Jackson,TN,452,11786,5
47089,Jefferson,TN,1537,54495,20
47091,Johnson,TN,1132,17788,7
47093,Knox,TN,12561,470313,89
47095,Lake,TN,983,7016,3
47097,Lauderdale,TN,1423,25633,17
47099,Lawrence,TN,1587,44142,19
47101,Lewis,TN,385,12268,2
47103,Lincoln,TN,880,34366,3
47105,Loudon,TN,1612,54068,11
47107,McMinn,TN,1615,53794,35
47109,McNairy,TN,1112,25694,27
47111,Macon,TN,1324,24602,25
47113,Madison,TN,3740,97984,79
47115,Marion,TN,747,28907,9
47117,Marshall,TN,1126,34375,9
47119,Maury,TN,3218,96387,37
47121,Meigs,TN,307,12422,6
47123,Monroe,TN,1443,46545,28
47125,Montgomery,TN,4115,208993,55
47127,Moore,TN,265,6488,2
47129,Morgan,TN,435,21403,7
47131,Obion,TN,1741,30069,21
47133,Overton,TN,1213,22241,16
47135,Perry,TN,291,8076,2
47137,Pickett,TN,272,5048,7
47139,Polk,TN,503,16832,13
47141,Putnam,TN,4403,80245,56
47143,Rhea,TN,1093,33167,17
47145,Roane,TN,1285,53382,7
47147,Robertson,TN,2589,71813,41
47149,Rutherford,TN,11611,332285,112
47151,Scott,TN,374,22068,5
47153,Sequatchie,TN,342,15026,2
47155,Sevier,TN,3328,98250,21
47157,Shelby,TN,35753,937166,562
47159,Smith,TN,984,20157,13
47161,Stewart,TN,320,13715,10
47163,Sullivan,TN,3653,158348,46
47165,Sumner,TN,5948,191283,109
47167,Tipton,TN,2322,61599,22
47169,Trousdale,TN,1768,11284,7
47171,Unicoi,TN,404,17883,3
47173,Union,TN,538,19972,3
47175,Van Buren,TN,205,5872,1
47177,Warren,TN,1425,41277,10
47179,Washington,TN,3388,129375,50
47181,Wayne,TN,1591,16673,7
47183,Weakley,TN,1523,33328,25
47185,White,TN,1175,27345,14
47187,Williamson,TN,6971,238412,56
47189,Wilson,TN,4629,144657,56
48001,Anderson,TX,2941,57735,39
48003,Andrews,TX,584,18705,10
48005,Angelina,TX,2277,86715,90
48007,Aransas,TX,346,23510,18
48009,Archer,TX,137,8553,1
48011,Armstrong,TX,24,1887,1
48013,Atascosa,TX,1270,51153,35
48015,Austin,TX,513,30032,9
48017,Bailey,TX,280,7000,5
48019,Bandera,TX,185,23112,8
48021,Bastrop,TX,1991,88723,31
48023,Baylor,TX,43,3509,2
48025,Bee,TX,1846,32565,39
48027,Bell,TX,6327,362924,99
48029,Bexar,TX,64476,2003554,1392
48031,Blanco,TX,159,11931,6
48033,Borden,TX,2,654,0
48035,Bosque,TX,405,18685,11
48037,Bowie,TX,1765,93245,73
48039,Brazoria,TX,12191,374264,182
48041,Brazos,TX,7430,229211,66
48043,Brewster,TX,246,9203,5
48045,Briscoe,TX,22,1546,1
48047,Brooks,TX,347,7093,23
48049,Brown,TX,661,37864,28
48051,Burleson,TX,457,18443,6
48053,Burnet,TX,888,48155,15
48055,Caldwell,TX,1689,43664,37
48057,Calhoun,TX,928,21290,9
48059,Callahan,TX,123,13943,4
48061,Cameron,TX,23976,423163,973
48063,Camp,TX,391,13094,13
48065,Carson,TX,53,5926,0
48067,Cass,TX,496,30026,23
48069,Castro,TX,301,7530,6
48071,Chambers,TX,1545,43837,10
48073,Cherokee,TX,1626,52646,34
48075,Childress,TX,120,7306,0
48077,Clay,TX,107,10471,2
48079,Cochran,TX,99,2853,1
48081,Coke,TX,109,3387,5
48083,Coleman,TX,88,8175,4
48085,Collin,TX,17611,1034730,175
48087,Collingsworth,TX,21,2920,0
48089,Colorado,TX,499,21493,4
48091,Comal,TX,2841,156209,106
48093,Comanche,TX,354,13635,5
48095,Concho,TX,142,2726,2
48097,Cooke,TX,539,41257,9
48099,Coryell,TX,1962,75951,13
48101,Cottle,TX,35,1398,3
48103,Crane,TX,74,4797,3
48105,Crockett,TX,166,3464,7
48107,Crosby,TX,115,5737,6
48109,Culberson,TX,97,2171,2
48111,Dallam,TX,362,7287,10
48113,Dallas,TX,92197,2635516,1217
48115,Dawson,TX,787,12728,17
48117,Deaf Smith,TX,1026,18546,25
48119,Delta,TX,33,5331,0
48121,Denton,TX,14157,887207,169
48123,DeWitt,TX,1078,20160,44
48125,Dickens,TX,51,2211,2
48127,Dimmit,TX,287,10124,7
48129,Donley,TX,85,3278,1
48131,Duval,TX,486,11157,21
48133,Eastland,TX,251,18360,6
48135,Ector,TX,3689,166223,94
48137,Edwards,TX,71,1932,2
48139,Ellis,TX,4875,184826,76
48141,El Paso,TX,38554,839238,593
48143,Erath,TX,1017,42698,13
48145,Falls,TX,663,17297,5
48147,Fannin,TX,778,35514,17
48149,Fayette,TX,519,25346,22
48151,Fisher,TX,102,3830,3
48153,Floyd,TX,126,5712,9
48155,Foard,TX,21,1155,1
48157,Fort Bend,TX,17392,811688,306
48159,Franklin,TX,215,10725,7
48161,Freestone,TX,458,19717,4
48163,Frio,TX,1007,20306,9
48165,Gaines,TX,503,21492,11
48167,Galveston,TX,12297,342139,169
48169,Garza,TX,124,6229,6
48171,Gillespie,TX,359,26988,10
48173,Glasscock,TX,13,1409,0
48175,Goliad,TX,157,7658,6
48177,Gonzales,TX,1111,20837,20
48179,Gray,TX,450,21886,10
48181,Grayson,TX,2508,136212,66
48183,Gregg,TX,2525,123945,85
48185,Grimes,TX,1174,28880,35
48187,Guadalupe,TX,3835,166847,79
48189,Hale,TX,2508,33406,61
48191,Hall,TX,45,2964,1
48193,Hamilton,TX,194,8461,4
48195,Hansford,TX,193,5399,6
48197,Hardeman,TX,63,3933,1
48199,Hardin,TX,1429,57602,34
48201,Harris,TX,157392,4713325,2775
48203,Harrison,TX,1068,66553,38
48205,Hartley,TX,170,5576,0
48207,Haskell,TX,80,5658,3
48209,Hays,TX,6287,230191,74
48211,Hemphill,TX,133,3819,0
48213,Henderson,TX,1217,82737,34
48215,Hidalgo,TX,34970,868707,1671
48217,Hill,TX,798,36649,16
48219,Hockley,TX,632,23021,14
48221,Hood,TX,1167,61643,38
48223,Hopkins,TX,609,37084,27
48225,Houston,TX,417,22968,13
48227,Howard,TX,1192,36664,21
48229,Hudspeth,TX,94,4886,3
48231,Hunt,TX,1944,98594,43
48233,Hutchinson,TX,326,20938,7
48235,Irion,TX,13,1536,0
48237,Jack,TX,151,8935,3
48239,Jackson,TX,646,14760,16
48241,Jasper,TX,512,35529,34
48243,Jeff Davis,TX,21,2274,0
48245,Jefferson,TX,8245,251565,152
48247,Jim Hogg,TX,168,5200,6
48249,Jim Wells,TX,1566,40482,52
48251,Johnson,TX,3588,175817,64
48253,Jones,TX,585,20083,1
48255,Karnes,TX,949,15601,17
48257,Kaufman,TX,3499,136154,56
48259,Kendall,TX,381,47431,10
48261,Kenedy,TX,11,404,2
48263,Kent,TX,10,762,0
48265,Kerr,TX,693,52600,13
48267,Kimble,TX,24,4337,1
48269,King,TX,1,272,0
48271,Kinney,TX,73,3667,1
48273,Kleberg,TX,1015,30680,52
48275,Knox,TX,113,3664,8
48277,Lamar,TX,1729,49859,46
48279,Lamb,TX,507,12893,23
48281,Lampasas,TX,304,21428,9
48283,La Salle,TX,366,7520,13
48285,Lavaca,TX,1126,20154,39
48287,Lee,TX,239,17239,14
48289,Leon,TX,336,17404,11
48291,Liberty,TX,2283,88219,57
48293,Limestone,TX,671,23437,16
48295,Lipscomb,TX,68,3233,1
48297,Live Oak,TX,381,12207,10
48299,Llano,TX,172,21795,3
48301,Loving,TX,0,169,0
48303,Lubbock,TX,16911,310569,164
48305,Lynn,TX,163,5951,5
48307,McCulloch,TX,202,7984,4
48309,McLennan,TX,9772,256623,130
48311,McMullen,TX,24,743,1
48313,Madison,TX,753,14284,6
48315,Marion,TX,170,9854,14
48317,Martin,TX,89,5771,7
48319,Mason,TX,80,4274,2
48321,Matagorda,TX,1094,36643,53
48323,Maverick,TX,4182,58722,145
48325,Medina,TX,1274,51584,48
48327,Menard,TX,62,2138,0
48329,Midland,TX,4771,176832,76
48331,Milam,TX,545,24823,7
48333,Mills,TX,74,4873,1
48335,Mitchell,TX,179,8545,2
48337,Montague,TX,270,19818,5
48339,Montgomery,TX,12920,607391,173
48341,Moore,TX,1317,20940,22
48343,Morris,TX,217,12388,5
48345,Motley,TX,17,1200,0
48347,Nacogdoches,TX,1781,65204,68
48349,Navarro,TX,1417,50113,32
48351,Newton,TX,188,13595,13
48353,Nolan,TX,405,14714,5
48355,Nueces,TX,16171,362294,407
48357,Ochiltree,TX,302,9836,5
48359,Oldham,TX,27,2112,2
48361,Orange,TX,2160,83396,46
48363,Palo Pinto,TX,700,29189,17
48365,Panola,TX,466,23194,28
48367,Parker,TX,2400,142878,47
48369,Parmer,TX,570,9605,18
48371,Pecos,TX,474,15823,7
48373,Polk,TX,912,51353,35
48375,Potter,TX,7682,117415,90
48377,Presidio,TX,128,6704,7
48379,Rains,TX,86,12514,5
48381,Randall,TX,4883,137713,54
48383,Reagan,TX,92,3849,6
48385,Real,TX,123,3452,8
48387,Red River,TX,196,12023,17
48389,Reeves,TX,258,15976,6
48391,Refugio,TX,308,6948,16
48393,Roberts,TX,14,854,0
48395,Robertson,TX,417,17074,4
48397,Rockwall,TX,1896,104915,32
48399,Runnels,TX,296,10264,9
48401,Rusk,TX,992,54406,21
48403,Sabine,TX,92,10542,9
48405,San Augustine,TX,214,8237,15
48407,San Jacinto,TX,236,28859,11
48409,San Patricio,TX,1572,66730,80
48411,San Saba,TX,117,6055,1
48413,Schleicher,TX,55,2793,2
48415,Scurry,TX,1074,16703,14
48417,Shackelford,TX,39,3265,0
48419,Shelby,TX,542,25274,30
48421,Sherman,TX,77,3022,1
48423,Smith,TX,4317,232751,132
48425,Somervell,TX,156,9128,5
48427,Starr,TX,3534,64633,185
48429,Stephens,TX,160,9366,4
48431,Sterling,TX,13,1291,0
48433,Stonewall,TX,19,1350,1
48435,Sutton,TX,108,3776,3
48437,Swisher,TX,146,7397,3
48439,Tarrant,TX,56578,2102515,813
48441,Taylor,TX,1879,138034,64
48443,Terrell,TX,4,776,0
48445,Terry,TX,493,12337,8
48447,Throckmorton,TX,17,1501,2
48449,Titus,TX,1583,32750,35
48451,Tom Green,TX,2577,119200,77
48453,Travis,TX,31411,1273954,441
48455,Trinity,TX,206,14651,7
48457,Tyler,TX,260,21672,4
48459,Upshur,TX,483,41753,13
48461,Upton,TX,27,3657,3
48463,Uvalde,TX,828,26741,36
48465,Val Verde,TX,2489,49025,125
48467,Van Zandt,TX,668,56590,26
48469,Victoria,TX,4248,92084,97
48471,Walker,TX,3932,72971,62
48473,Waller,TX,959,55246,17
48475,Ward,TX,158,11998,1
48477,Washington,TX,694,35882,48
48479,Webb,TX,15011,276652,329
48481,Wharton,TX,1420,41556,58
48483,Wheeler,TX,76,5056,0
48485,Wichita,TX,3486,132230,33
48487,Wilbarger,TX,336,12769,3
48489,Willacy,TX,1222,21358,55
48491,Williamson,TX,9335,590551,152
48493,Wilson,TX,991,51070,28
48495,Winkler,TX,140,8010,4
48497,Wise,TX,908,69984,15
48499,Wood,TX,626,45539,39
48501,Yoakum,TX,289,8713,5
48503,Young,TX,535,18010,7
48505,Zapata,TX,345,14179,9
48507,Zavala,TX,460,11840,18
49001,Beaver,UT,65,6710,0
49003,Box Elder,UT,875,56046,6
49005,Cache,UT,3940,128289,9
49007,Carbon,UT,219,20463,1
49009,Daggett,UT,1,950,0
49011,Davis,UT,7763,355481,41
49013,Duchesne,UT,148,19938,1
49015,Emery,UT,95,10012,2
49017,Garfield,UT,98,5051,4
49019,Grand,UT,126,9754,1
49021,Iron,UT,909,54839,3
49023,Juab,UT,239,12017,3
49025,Kane,UT,97,7886,1
49027,Millard,UT,259,13188,0
49029,Morgan,UT,183,12124,0
49031,Piute,UT,28,1479,0
49033,Rich,UT,20,2483,0
49035,Salt Lake,UT,43647,1160437,297
49037,San Juan,UT,786,15308,30
49039,Sanpete,UT,369,30939,2
49041,Sevier,UT,257,21620,1
49043,Summit,UT,1302,42145,1
49045,Tooele,UT,1329,72259,2
49047,Uintah,UT,200,35734,1
49049,Utah,UT,26948,636235,78
49051,Wasatch,UT,1039,34091,9
49053,Washington,UT,4536,177556,41
49055,Wayne,UT,15,2711,0
49057,Weber,UT,6037,260213,33
50001,Addison,VT,120,36777,2
50003,Bennington,VT,136,35470,1
50005,Caledonia,VT,39,29993,0
50007,Chittenden,VT,941,163774,39
50009,Essex,VT,6,6163,0
50011,Franklin,VT,134,49402,7
50013,Grand Isle,VT,17,7235,0
50015,Lamoille,VT,63,25362,1
50017,Orange,VT,32,28892,0
50019,Orleans,VT,30,27037,0
50021,Rutland,VT,133,58191,1
50023,Washington,VT,122,58409,2
50025,Windham,VT,145,42222,3
50027,Windsor,VT,117,55062,2
51001,Accomack,VA,1206,32316,19
51003,Albemarle,VA,1545,109330,24
51005,Alleghany,VA,109,14860,4
51007,Amelia,VA,145,13145,6
51009,Amherst,VA,568,31605,4
51011,Appomattox,VA,284,15911,6
51013,Arlington,VA,4508,236842,154
51015,Augusta,VA,653,75558,8
51017,Bath,VA,24,4147,0
51019,Bedford,VA,1163,78997,17
51021,Bland,VA,64,6280,5
51023,Botetourt,VA,380,33419,12
51025,Brunswick,VA,420,16231,5
51027,Buchanan,VA,249,21004,2
51029,Buckingham,VA,732,17148,9
51031,Campbell,VA,676,54885,8
51033,Caroline,VA,410,30725,6
51035,Carroll,VA,592,29791,28
51036,Charles City,VA,99,6963,5
51037,Charlotte,VA,212,11880,1
51041,Chesterfield,VA,6934,352802,102
51043,Clarke,VA,117,14619,1
51045,Craig,VA,49,5131,0
51047,Culpeper,VA,1340,52605,18
51049,Cumberland,VA,116,9932,2
51051,Dickenson,VA,134,14318,1
51053,Dinwiddie,VA,505,28544,12
51057,Essex,VA,193,10953,2
51059,Fairfax,VA,23232,1147532,606
51061,Fauquier,VA,1076,71222,27
51063,Floyd,VA,240,15749,15
51065,Fluvanna,VA,419,27270,9
51067,Franklin,VA,775,56042,5
51069,Frederick,VA,1144,89313,13
51071,Giles,VA,122,16720,0
51073,Gloucester,VA,343,37348,3
51075,Goochland,VA,324,23753,7
51077,Grayson,VA,373,15550,19
51079,Greene,VA,291,19819,3
51081,Greensville,VA,890,11336,14
51083,Halifax,VA,484,33911,8
51085,Hanover,VA,1591,107766,42
51087,Henrico,VA,6175,330818,232
51089,Henry,VA,1283,50557,31
51091,Highland,VA,10,2190,0
51093,Isle of Wight,VA,856,37109,26
51095,James City,VA,942,76523,22
51097,King and Queen,VA,85,7025,2
51099,King George,VA,267,26836,5
51101,King William,VA,199,17148,3
51103,Lancaster,VA,197,10603,1
51105,Lee,VA,437,23423,9
51107,Loudoun,VA,7730,413538,130
51109,Louisa,VA,385,37591,8
51111,Lunenburg,VA,150,12196,4
51113,Madison,VA,129,13261,3
51115,Matthews,VA,131,8834,0
51117,Mecklenburg,VA,865,30587,35
51119,Middlesex,VA,144,10582,11
51121,Montgomery,VA,2686,98535,5
51125,Nelson,VA,136,14930,2
51127,New Kent,VA,281,23091,3
51131,Northampton,VA,317,11710,31
51133,Northumberland,VA,214,12095,7
51135,Nottoway,VA,339,15232,21
51137,Orange,VA,388,37051,5
51139,Page,VA,463,23902,30
51141,Patrick,VA,317,17608,27
51143,Pittsylvania,VA,1255,60354,17
51145,Powhatan,VA,304,29652,5
51147,Prince Edward,VA,745,22802,13
51149,Prince George,VA,1067,38353,6
51153,Prince William,VA,13949,470335,223
51155,Pulaski,VA,279,34027,6
51157,Rappahannock,VA,69,7370,2
51159,Richmond,VA,374,9023,5
51161,Roanoke,VA,1424,94186,14
51163,Rockbridge,VA,150,22573,3
51165,Rockingham,VA,1734,81948,27
51167,Russell,VA,460,26586,8
51169,Scott,VA,339,21566,5
51171,Shenandoah,VA,949,43616,61
51173,Smyth,VA,614,30104,25
51175,Southampton,VA,914,17631,37
51177,Spotsylvania,VA,2399,136215,51
51179,Stafford,VA,2316,152882,20
51181,Surry,VA,140,6422,5
51183,Sussex,VA,640,11159,13
51185,Tazewell,VA,473,40595,2
51187,Warren,VA,566,40164,20
51191,Washington,VA,934,53740,26
51193,Westmoreland,VA,335,18015,5
51195,Wise,VA,569,37383,10
51197,Wythe,VA,329,28684,6
51199,York,VA,629,68280,9
51510,Alexandria City,VA,4200,159428,74
51520,Bristol city,VA,257,16762,7
51530,Buena Vista city,VA,121,6478,1
51540,Charlottesville City,VA,1564,47266,31
51550,Chesapeake City,VA,4833,244835,78
51570,Colonial Heights city,VA,300,17370,26
51580,Covington city,VA,35,5538,0
51590,Danville City,VA,1167,40044,42
51595,Emporia city,VA,289,5346,28
51600,Fairfax city,VA,157,24019,8
51610,Falls Church city,VA,74,14617,7
51620,Franklin city,VA,489,7967,13
51630,Fredericksburg City,VA,585,29036,6
51640,Galax city,VA,439,6347,30
51650,Hampton city,VA,2090,134510,32
51660,Harrisonburg City,VA,2985,53016,35
51670,Hopewell city,VA,500,22529,7
51678,Lexington city,VA,223,7446,1
51680,Lynchburg city,VA,1905,82168,25
51683,Manassas City,VA,2026,41085,27
51685,Manassas Park city,VA,640,17478,8
51690,Martinsville city,VA,477,12554,24
51700,Newport News City,VA,3142,179225,51
51710,Norfolk City,VA,5306,242742,85
51720,Norton city,VA,48,3981,0
51730,Petersburg city,VA,912,31346,30
51735,Poquoson city,VA,94,12271,2
51740,Portsmouth City,VA,2798,94398,69
51750,Radford city,VA,919,18249,1
51760,Richmond City,VA,5235,230436,76
51770,Roanoke city,VA,2624,99143,37
51775,Salem city,VA,517,25301,6
51790,Staunton city,VA,377,24932,3
51800,Suffolk City,VA,2280,92108,78
51810,Virginia Beach City,VA,7758,449974,104
51820,Waynesboro city,VA,386,22630,4
51830,Williamsburg City,VA,213,14954,8
51840,Winchester city,VA,594,28078,5
53001,Adams,WA,910,19983,10
53003,Asotin,WA,199,22582,7
53005,Benton,WA,5068,204390,134
53007,Chelan,WA,1973,77200,16
53009,Clallam,WA,255,77331,1
53011,Clark,WA,4081,488241,77
53013,Columbia,WA,14,3985,1
53015,Cowlitz,WA,776,110593,7
53017,Douglas,WA,1225,43429,9
53019,Ferry,WA,33,7627,0
53021,Franklin,WA,4703,95222,67
53023,Garfield,WA,14,2225,0
53025,Grant,WA,3287,97733,26
53027,Grays Harbor,WA,656,75061,12
53029,Island,WA,368,85141,12
53031,Jefferson,WA,81,32221,0
53033,King,WA,25540,2252782,800
53035,Kitsap,WA,1437,271473,21
53037,Kittitas,WA,690,47935,22
53039,Klickitat,WA,206,22425,3
53041,Lewis,WA,677,80707,12
53043,Lincoln,WA,69,10939,2
53045,Mason,WA,503,66768,9
53047,Okanogan,WA,1095,42243,11
53049,Pacific,WA,114,22471,3
53051,Pend Oreille,WA,133,13724,1
53053,Pierce,WA,9482,904980,219
53055,San Juan,WA,30,17582,0
53057,Skagit,WA,1212,129205,23
53059,Skamania,WA,72,12083,1
53061,Snohomish,WA,8189,822083,227
53063,Spokane,WA,8735,522798,191
53065,Stevens,WA,238,45723,5
53067,Thurston,WA,1449,290536,22
53069,Wahkiakum,WA,10,4488,0
53071,Walla Walla,WA,1016,60760,6
53073,Whatcom,WA,1537,229247,49
53075,Whitman,WA,1689,50104,10
53077,Yakima,WA,11748,250873,267
54001,Barbour,WV,172,16441,1
54003,Berkeley,WV,1507,119171,17
54005,Boone,WV,335,21457,3
54007,Braxton,WV,59,13957,0
54009,Brooke,WV,202,21939,4
54011,Cabell,WV,1317,91945,20
54013,Calhoun,WV,33,7109,0
54015,Clay,WV,58,8508,3
54017,Doddridge,WV,70,8448,1
54019,Fayette,WV,752,42406,20
54021,Gilmer,WV,64,7823,0
54023,Grant,WV,182,11568,8
54025,Greenbrier,WV,171,34662,4
54027,Hampshire,WV,123,23175,1
54029,Hancock,WV,210,28810,1
54031,Hardy,WV,103,13776,1
54033,Harrison,WV,634,67256,12
54035,Jackson,WV,376,28576,24
54037,Jefferson,WV,558,57146,4
54039,Kanawha,WV,3510,178124,101
54041,Lewis,WV,74,15907,2
54043,Lincoln,WV,232,20409,2
54045,Logan,WV,740,32019,45
54047,McDowell,WV,113,17624,0
54049,Marion,WV,369,56072,4
54051,Marshall,WV,279,30531,3
54053,Mason,WV,172,26516,6
54055,Mercer,WV,667,58758,30
54057,Mineral,WV,207,26868,4
54059,Mingo,WV,553,23424,11
54061,Monongalia,WV,2269,105612,5
54063,Monroe,WV,220,13275,8
54065,Morgan,WV,131,17884,0
54067,Nicholas,WV,183,24496,3
54069,Ohio,WV,497,41411,8
54071,Pendleton,WV,74,6969,1
54073,Pleasants,WV,24,7460,3
54075,Pocahontas,WV,68,8247,0
54077,Preston,WV,194,33432,4
54079,Putnam,WV,835,56450,13
54081,Raleigh,WV,723,73361,8
54083,Randolph,WV,408,28695,1
54085,Ritchie,WV,36,9554,0
54087,Roane,WV,96,13688,2
54089,Summers,WV,96,12573,1
54091,Taylor,WV,165,16695,8
54093,Tucker,WV,62,6839,0
54095,Tyler,WV,30,8591,0
54097,Upshur,WV,238,24176,2
54099,Wayne,WV,551,39402,11
54101,Webster,WV,25,8114,0
54103,Wetzel,WV,136,15065,1
54105,Wirt,WV,41,5821,0
54107,Wood,WV,528,83518,6
54109,Wyoming,WV,240,20394,5
55001,Adams,WI,481,20220,4
55003,Ashland,WI,268,15562,3
55005,Barron,WI,1002,45244,6
55007,Bayfield,WI,214,15036,1
55009,Brown,WI,14724,264542,89
55011,Buffalo,WI,249,13031,3
55013,Burnett,WI,306,15414,6
55015,Calumet,WI,2630,50089,11
55017,Chippewa,WI,1430,64658,11
55019,Clark,WI,860,34774,15
55021,Columbia,WI,1741,57532,5
55023,Crawford,WI,320,16131,0
55025,Dane,WI,14368,546695,48
55027,Dodge,WI,3811,87839,27
55029,Door,WI,776,27668,5
55031,Douglas,WI,745,43150,1
55033,Dunn,WI,1021,45368,1
55035,Eau Claire,WI,3091,104646,12
55037,Florence,WI,218,4295,7
55039,Fond du Lac,WI,4253,103403,19
55041,Forest,WI,458,9004,10
55043,Grant,WI,1834,51439,29
55045,Green,WI,924,36960,5
55047,Green Lake,WI,790,18913,2
55049,Iowa,WI,459,23678,1
55051,Iron,WI,202,5687,2
55053,Jackson,WI,369,20643,1
55055,Jefferson,WI,2630,84769,10
55057,Juneau,WI,737,26687,4
55059,Kenosha,WI,5223,169561,76
55061,Kewaunee,WI,1040,20434,6
55063,La Crosse,WI,4185,118016,20
55065,Lafayette,WI,511,16665,1
55067,Langlade,WI,889,19189,9
55069,Lincoln,WI,750,27593,7
55071,Manitowoc,WI,2852,78981,10
55073,Marathon,WI,4487,135692,45
55075,Marinette,WI,1711,40350,11
55077,Marquette,WI,626,15574,2
55078,Menominee,WI,283,4556,0
55079,Milwaukee,WI,40679,945726,567
55081,Monroe,WI,1070,46253,4
55083,Oconto,WI,2101,37930,13
55085,Oneida,WI,1177,35595,9
55087,Outagamie,WI,9081,187885,62
55089,Ozaukee,WI,2302,89221,23
55091,Pepin,WI,127,7287,0
55093,Pierce,WI,887,42754,7
55095,Polk,WI,505,43783,2
55097,Portage,WI,2628,70772,19
55099,Price,WI,351,13351,1
55101,Racine,WI,7650,196311,107
55103,Richland,WI,448,17252,8
55105,Rock,WI,4833,163354,42
55107,Rusk,WI,205,14178,1
55109,St. Croix,WI,1759,90687,7
55111,Sauk,WI,1673,64442,2
55113,Sawyer,WI,365,16558,18
55115,Shawano,WI,2306,40899,24
55117,Sheboygan,WI,4491,115340,11
55119,Taylor,WI,459,20343,7
55121,Trempealeau,WI,985,29649,2
55123,Vernon,WI,468,30822,2
55125,Vilas,WI,540,22195,5
55127,Walworth,WI,3531,103868,37
55129,Washburn,WI,232,15720,2
55131,Washington,WI,4470,136034,43
55133,Waukesha,WI,12597,404198,112
55135,Waupaca,WI,2455,50990,39
55137,Waushara,WI,953,24443,5
55139,Winnebago,WI,8689,171907,55
55141,Wood,WI,1654,72999,9
56001,Albany,WY,139,38880,3
56003,Big Horn,WY,208,11790,2
56005,Campbell,WY,805,46341,3
56007,Carbon,WY,304,14800,2
56009,Converse,WY,286,13822,0
56011,Crook,WY,100,7584,1
56013,Fremont,WY,144,39261,15
56015,Goshen,WY,152,13211,3
56017,Hot Springs,WY,50,4413,0
56019,Johnson,WY,88,8445,2
56021,Laramie,WY,327,99500,4
56023,Lincoln,WY,328,19830,2
56025,Natrona,WY,206,79858,9
56027,Niobrara,WY,7,2356,0
56029,Park,WY,547,29194,3
56031,Platte,WY,117,8393,1
56033,Sheridan,WY,659,30485,4
56035,Sublette,WY,158,9831,1
56037,Sweetwater,WY,456,42343,2
56039,Teton,WY,743,23464,1
56041,Uinta,WY,428,20226,3
56043,Washakie,WY,145,7805,7
56045,Weston,WY,127,6927,0
